thong_tin_dang_nhap,mat_khau,ma_nguoi_dung
thao.tran4458@gmail.com,$2b$10$EoJ9ZswFE82nq5SNzhPwn.GEUl7zmuAFyDP9gVsanlxkrMZAHrZiy,04580114-760b-4f19-84e6-09ba51978ac1
linh.nguyen2073@gmail.com,$2b$10$EoJ9ZswFE82nq5SNzhPwn.GEUl7zmuAFyDP9gVsanlxkrMZAHrZiy,0703d371-4955-4044-975b-eb85e14d49cd
tuan.bui6207@gmail.com,$2b$10$EoJ9ZswFE82nq5SNzhPwn.GEUl7zmuAFyDP9gVsanlxkrMZAHrZiy,0e0fb427-830b-4e50-bfbe-b40f9ef015b8
linh.pham5758@gmail.com,$2b$10$EoJ9ZswFE82nq5SNzhPwn.GEUl7zmuAFyDP9gVsanlxkrMZAHrZiy,1123deb0-3eea-4b50-bf2b-291b23a18b7c
hai.bui2163@gmail.com,$2b$10$EoJ9ZswFE82nq5SNzhPwn.GEUl7zmuAFyDP9gVsanlxkrMZAHrZiy,1379f322-faf1-4f07-9a0b-1facc14ecd40
hai.pham6832@gmail.com,$2b$10$EoJ9ZswFE82nq5SNzhPwn.GEUl7zmuAFyDP9gVsanlxkrMZAHrZiy,15672cd1-cbdf-4c11-927c-48ce902d8d1f
tuan.dang2797@gmail.com,$2b$10$EoJ9ZswFE82nq5SNzhPwn.GEUl7zmuAFyDP9gVsanlxkrMZAHrZiy,1d7d2ed6-dc7b-4511-a8f7-55ad7bfdba68
cuong.dang8730@gmail.com,$2b$10$EoJ9ZswFE82nq5SNzhPwn.GEUl7zmuAFyDP9gVsanlxkrMZAHrZiy,24905f20-5f6e-4c4c-aba8-159372c9f96b
hai.nguyen5027@gmail.com,$2b$10$EoJ9ZswFE82nq5SNzhPwn.GEUl7zmuAFyDP9gVsanlxkrMZAHrZiy,29396cc8-0478-43a6-b5fe-e0b9654187db
linh.tran4915@gmail.com,$2b$10$EoJ9ZswFE82nq5SNzhPwn.GEUl7zmuAFyDP9gVsanlxkrMZAHrZiy,2da4e9f1-f605-4579-b301-f104543cc6cb
hai.nguyen8661@gmail.com,$2b$10$EoJ9ZswFE82nq5SNzhPwn.GEUl7zmuAFyDP9gVsanlxkrMZAHrZiy,349c64d3-7658-4f1a-8b3b-f0356bb97863
linh.bui6559@gmail.com,$2b$10$EoJ9ZswFE82nq5SNzhPwn.GEUl7zmuAFyDP9gVsanlxkrMZAHrZiy,38d72583-ac1b-4843-8c83-243464186a4a
tuan.bui6901@gmail.com,$2b$10$EoJ9ZswFE82nq5SNzhPwn.GEUl7zmuAFyDP9gVsanlxkrMZAHrZiy,3be8187e-3185-4e63-996d-c79c6b4cc2f1
binh.nguyen9943@gmail.com,$2b$10$EoJ9ZswFE82nq5SNzhPwn.GEUl7zmuAFyDP9gVsanlxkrMZAHrZiy,3c6c0974-2f43-4f68-9454-9fdf902b0827
cuong.bui1498@gmail.com,$2b$10$EoJ9ZswFE82nq5SNzhPwn.GEUl7zmuAFyDP9gVsanlxkrMZAHrZiy,3cc7e521-792b-45ef-b904-88893ce20ef3
an.bui6112@gmail.com,$2b$10$EoJ9ZswFE82nq5SNzhPwn.GEUl7zmuAFyDP9gVsanlxkrMZAHrZiy,4486be54-6325-4eba-99f5-ffc872ba1a0a
hai.vu4679@gmail.com,$2b$10$EoJ9ZswFE82nq5SNzhPwn.GEUl7zmuAFyDP9gVsanlxkrMZAHrZiy,4843de3a-26b8-425d-92e8-6cbb2332b3ac
tuan.dang2485@gmail.com,$2b$10$EoJ9ZswFE82nq5SNzhPwn.GEUl7zmuAFyDP9gVsanlxkrMZAHrZiy,48c201c6-69ef-4694-bf77-7f4901b091c4
binh.le3652@gmail.com,$2b$10$EoJ9ZswFE82nq5SNzhPwn.GEUl7zmuAFyDP9gVsanlxkrMZAHrZiy,4f248181-3648-4d36-93f5-b81f2d8d7bcf
dung.tran5373@gmail.com,$2b$10$EoJ9ZswFE82nq5SNzhPwn.GEUl7zmuAFyDP9gVsanlxkrMZAHrZiy,544a6457-9c41-485b-a671-31a0fc4d2c6e
tuan.nguyen8026@gmail.com,$2b$10$EoJ9ZswFE82nq5SNzhPwn.GEUl7zmuAFyDP9gVsanlxkrMZAHrZiy,57d6dc8f-a4a5-45f3-a7e6-217610f7dbe3
binh.hoang8466@gmail.com,$2b$10$EoJ9ZswFE82nq5SNzhPwn.GEUl7zmuAFyDP9gVsanlxkrMZAHrZiy,598bb9cf-b248-42f0-a241-1d7ee94c7c9f
linh.hoang9443@gmail.com,$2b$10$EoJ9ZswFE82nq5SNzhPwn.GEUl7zmuAFyDP9gVsanlxkrMZAHrZiy,5b3969c7-9244-44fa-9137-e3d79eacbdc0
an.bui4913@gmail.com,$2b$10$EoJ9ZswFE82nq5SNzhPwn.GEUl7zmuAFyDP9gVsanlxkrMZAHrZiy,5d930700-432b-4e62-8b06-dddf15da14c3
tuan.pham3307@gmail.com,$2b$10$EoJ9ZswFE82nq5SNzhPwn.GEUl7zmuAFyDP9gVsanlxkrMZAHrZiy,5ee9fd73-be7e-40fc-8913-0c67cf709926
binh.dang4806@gmail.com,$2b$10$EoJ9ZswFE82nq5SNzhPwn.GEUl7zmuAFyDP9gVsanlxkrMZAHrZiy,66218bf8-b703-4f68-995c-bb9800410b27
dung.dang9906@gmail.com,$2b$10$EoJ9ZswFE82nq5SNzhPwn.GEUl7zmuAFyDP9gVsanlxkrMZAHrZiy,6630c58b-7d07-4917-92d4-fb227a59b0f1
an.pham3640@gmail.com,$2b$10$EoJ9ZswFE82nq5SNzhPwn.GEUl7zmuAFyDP9gVsanlxkrMZAHrZiy,70b95723-cc56-451d-9bdf-b16fc6e8506f
linh.bui5758@gmail.com,$2b$10$EoJ9ZswFE82nq5SNzhPwn.GEUl7zmuAFyDP9gVsanlxkrMZAHrZiy,782e1437-0d6d-411f-8416-413a2171d0f3
binh.pham9537@gmail.com,$2b$10$EoJ9ZswFE82nq5SNzhPwn.GEUl7zmuAFyDP9gVsanlxkrMZAHrZiy,8407edf1-3a5c-4bbf-8c9b-ea4a85440111
hai.pham7796@gmail.com,$2b$10$EoJ9ZswFE82nq5SNzhPwn.GEUl7zmuAFyDP9gVsanlxkrMZAHrZiy,8acf532f-adc2-4808-85db-52928255be4f
hai.le9891@gmail.com,$2b$10$EoJ9ZswFE82nq5SNzhPwn.GEUl7zmuAFyDP9gVsanlxkrMZAHrZiy,8de4488d-e5c7-43fb-b30d-71d3a10ae663
tuan.tran7951@gmail.com,$2b$10$EoJ9ZswFE82nq5SNzhPwn.GEUl7zmuAFyDP9gVsanlxkrMZAHrZiy,9457762a-f1f5-457b-9d8c-a8b779d75379
an.bui4941@gmail.com,$2b$10$EoJ9ZswFE82nq5SNzhPwn.GEUl7zmuAFyDP9gVsanlxkrMZAHrZiy,94c3eaf1-8ca2-4b43-b2b4-5e7ae3918ab9
linh.bui9335@gmail.com,$2b$10$EoJ9ZswFE82nq5SNzhPwn.GEUl7zmuAFyDP9gVsanlxkrMZAHrZiy,98c24425-82a2-4c57-a3bc-00981460242b
tuan.bui3089@gmail.com,$2b$10$EoJ9ZswFE82nq5SNzhPwn.GEUl7zmuAFyDP9gVsanlxkrMZAHrZiy,9a276c1e-97c5-4696-a152-3068fafc5459
tuan.tran2142@gmail.com,$2b$10$EoJ9ZswFE82nq5SNzhPwn.GEUl7zmuAFyDP9gVsanlxkrMZAHrZiy,9e9dd056-43e7-4424-afa6-90d0d9d96c2e
hai.bui8004@gmail.com,$2b$10$EoJ9ZswFE82nq5SNzhPwn.GEUl7zmuAFyDP9gVsanlxkrMZAHrZiy,a229ccf5-dacb-4cf4-b86b-b87f387d3e65
hai.hoang6284@gmail.com,$2b$10$EoJ9ZswFE82nq5SNzhPwn.GEUl7zmuAFyDP9gVsanlxkrMZAHrZiy,a9f84f39-ae9b-4cd7-986b-908a36eb0377
linh.tran6380@gmail.com,$2b$10$EoJ9ZswFE82nq5SNzhPwn.GEUl7zmuAFyDP9gVsanlxkrMZAHrZiy,b30e002a-e387-410b-b927-18bb92f36772
linh.vu9380@gmail.com,$2b$10$EoJ9ZswFE82nq5SNzhPwn.GEUl7zmuAFyDP9gVsanlxkrMZAHrZiy,b9a46e5e-8f07-4348-b26a-ebf52b28ec24
linh.dang8450@gmail.com,$2b$10$EoJ9ZswFE82nq5SNzhPwn.GEUl7zmuAFyDP9gVsanlxkrMZAHrZiy,ba0f8580-8c85-426c-89f5-40dbbc3816e7
linh.dang1605@gmail.com,$2b$10$EoJ9ZswFE82nq5SNzhPwn.GEUl7zmuAFyDP9gVsanlxkrMZAHrZiy,bf51d534-f442-4830-bb07-178ffe6b4f38
hai.le8259@gmail.com,$2b$10$EoJ9ZswFE82nq5SNzhPwn.GEUl7zmuAFyDP9gVsanlxkrMZAHrZiy,c0b4ff57-fa09-4085-adb9-9ccb7ac15f0e
dung.tran5434@gmail.com,$2b$10$EoJ9ZswFE82nq5SNzhPwn.GEUl7zmuAFyDP9gVsanlxkrMZAHrZiy,c1651bd3-32a8-4ec3-8722-18bf71587e3f
linh.pham2556@gmail.com,$2b$10$EoJ9ZswFE82nq5SNzhPwn.GEUl7zmuAFyDP9gVsanlxkrMZAHrZiy,cb6b9894-89af-4811-8492-95cf32e715e7
linh.le1827@gmail.com,$2b$10$EoJ9ZswFE82nq5SNzhPwn.GEUl7zmuAFyDP9gVsanlxkrMZAHrZiy,ccf9a5de-bac4-4c92-928e-3c308c98ca54
thao.vu8071@gmail.com,$2b$10$EoJ9ZswFE82nq5SNzhPwn.GEUl7zmuAFyDP9gVsanlxkrMZAHrZiy,dadc4b61-1e59-4c7b-a94c-502514ce03eb
tuan.hoang5422@gmail.com,$2b$10$EoJ9ZswFE82nq5SNzhPwn.GEUl7zmuAFyDP9gVsanlxkrMZAHrZiy,deb31eeb-ebf7-497e-8d9f-1c3cd1f5d079
an.dang9751@gmail.com,$2b$10$EoJ9ZswFE82nq5SNzhPwn.GEUl7zmuAFyDP9gVsanlxkrMZAHrZiy,dfde95e2-f7d3-4c56-bb48-2654916c6ba9
tuan.le3418@gmail.com,$2b$10$EoJ9ZswFE82nq5SNzhPwn.GEUl7zmuAFyDP9gVsanlxkrMZAHrZiy,e8bb944b-7bc4-4968-8145-2036e800a25a
cuong.tran8896@gmail.com,$2b$10$EoJ9ZswFE82nq5SNzhPwn.GEUl7zmuAFyDP9gVsanlxkrMZAHrZiy,f53533be-e47e-4723-9c2f-979cee487b27
hai.dang3101@gmail.com,$2b$10$EoJ9ZswFE82nq5SNzhPwn.GEUl7zmuAFyDP9gVsanlxkrMZAHrZiy,f892fb19-aaab-4b16-8634-20048cd21b8a
