ten_dn,ma_so_thue,dia_chi,giay_phep_kinh_doanh,ngay_tao,trang_thai,logo
I.CAN INTERNATIONAL,0342237412,"Số 10 ngõ 102 Trần Phú,Hà Đông, Hà Nội",https://ketoananpha.vn/uploads/images/post/36-moi/Phan-biet-giay-phep-kinh-doanh-va-giay-chung-nhan-dang-ky-doanh-nghiep-03.jpg,2026-08-26 16:21:40,Dang hoat dong,//cdn.lifelink.vn/img/c280x280/ADD-Trang-Binh-An_21082026103954.jpg?sign=tPZbZy5LIFs6OXjbrWkciQ
Nhà hàng Chay Tầm Vị,0331827552,"50B Phố Châu Long, Phường Ba Đình, Hà Nội",https://ketoananpha.vn/uploads/images/post/36-moi/Phan-biet-giay-phep-kinh-doanh-va-giay-chung-nhan-dang-ky-doanh-nghiep-03.jpg,2026-08-26 16:21:40,Dang hoat dong,//cdn.lifelink.vn/img/c280x280/ADD-Chay-Tam-Vi_12082026142301.jpg?sign=5x9dQFK6ItK4PE_RVVSr9g
GIVISTA,0326146198,"Địa điểm tư vấn mua voucher: Tầng 8, Tòa nhà Phương Nam, Số 157 Võ Thị Sáu, Phường 6, Quận 3, TP. HCM",https://ketoananpha.vn/uploads/images/post/36-moi/Phan-biet-giay-phep-kinh-doanh-va-giay-chung-nhan-dang-ky-doanh-nghiep-03.jpg,2026-08-26 16:21:40,Dang hoat dong,//cdn.lifelink.vn/img/c280x280/ADD-Du-Nhien-2banh_10082026164655.jpg?sign=Ddc5u33AMICrRNxJuBgKmw
Spicy Box,0388917702,"5F-52 Tầng 5 Crescent Mall, Số 101 Tôn Dật Tiên, Phường Tân Phú, Quận 7, Hồ Chí Minh",https://ketoananpha.vn/uploads/images/post/36-moi/Phan-biet-giay-phep-kinh-doanh-va-giay-chung-nhan-dang-ky-doanh-nghiep-03.jpg,2026-08-26 16:21:40,Dang hoat dong,//cdn.lifelink.vn/img/c280x280/Voucher-Buffet-danh-cho-1-nguoi_29072026090558.jpg?sign=ymEvQidr4BZ4Xi2fZc0D7w
Chicken Plus,0366819376,"179 Lê Duẩn, Phường Cam Ranh, Khánh Hòa",https://ketoananpha.vn/uploads/images/post/36-moi/Phan-biet-giay-phep-kinh-doanh-va-giay-chung-nhan-dang-ky-doanh-nghiep-03.jpg,2026-08-26 16:21:40,Dang hoat dong,//cdn.lifelink.vn/img/c280x280/Voucher-Ga-khong-xuong-sot-ngu-vi-lon_28072026133620.jpg?sign=p4KM3CXyI-7MwUgnqlM7NQ
Lotteria,0347426586,"250B Lý Chính Thắng, P. 9, Quận 3, Hồ Chí Minh",https://ketoananpha.vn/uploads/images/post/36-moi/Phan-biet-giay-phep-kinh-doanh-va-giay-chung-nhan-dang-ky-doanh-nghiep-03.jpg,2026-08-26 16:21:40,Dang hoat dong,//cdn.lifelink.vn/img/c280x280/ADD-Lotteria-Voucher-L-Chicken-Burger_11062026154507.jpg?sign=WUD7Hoo5H9oMiMQQMxE2ig
LifeLink Gift Card,0331373359,"Tầng 12A Tòa văn phòng - TTTM ROX Tower Goldmark City 136 Hồ Tùng Mậu, phường Phú Diễn, Hà Nội.",https://ketoananpha.vn/uploads/images/post/36-moi/Phan-biet-giay-phep-kinh-doanh-va-giay-chung-nhan-dang-ky-doanh-nghiep-03.jpg,2026-08-26 16:21:40,Dang hoat dong,//cdn.lifelink.vn/img/c280x280/backimthaang_11052026142335.jpg?sign=HGhw_BY9OB9aJhLKsN8hTg
Hệ thống Sườn Mười,0360350865,264 Hoàng Văn Thái - Khương Mai- Thanh Xuân - Hà Nội,https://ketoananpha.vn/uploads/images/post/36-moi/Phan-biet-giay-phep-kinh-doanh-va-giay-chung-nhan-dang-ky-doanh-nghiep-03.jpg,2026-08-26 16:21:40,Dang hoat dong,//cdn.lifelink.vn/img/c280x280/IMG_20260605_104506_19062026084219.jpg?sign=16yIgD1wUuuaCjtIvTa8AQ
Tàu nhà hàng SAIGON PRINCESS,0349927732,"Cảng Hành khách Tàu biển – Cảng Sài Gòn, số 5 Nguyễn Tất Thành, phường Xóm Chiếu , TP.HCM",https://ketoananpha.vn/uploads/images/post/36-moi/Phan-biet-giay-phep-kinh-doanh-va-giay-chung-nhan-dang-ky-doanh-nghiep-03.jpg,2026-08-26 16:21:40,Dang hoat dong,//cdn.lifelink.vn/img/c280x280/ADD-SaiGon-Princess-4_11062026101741.jpg?sign=4NJQl_Ml2-CBO2bcKGDWFg
Du thuyền nhà hàng Benthanh Princess,0363160188,"Địa điểm sử dụng: Cảng Hành khách Tàu biển – Cảng Sài Gòn, số 5 Nguyễn Tất Thành, phường Xóm Chiếu , TP.HCM",https://ketoananpha.vn/uploads/images/post/36-moi/Phan-biet-giay-phep-kinh-doanh-va-giay-chung-nhan-dang-ky-doanh-nghiep-03.jpg,2026-08-26 16:21:40,Dang hoat dong,//cdn.lifelink.vn/img/c280x280/ADD-Benthanh-Princess-3_10062026163746.jpg?sign=4rYQYT8t3T0HidSLVifNfA
Dookki Việt Nam,0398147802,"Tầng 4, Mipec Rubik360, 122-124 đường Xuân Thủy, Phường Cầu Giấy, Hà Nội",https://ketoananpha.vn/uploads/images/post/36-moi/Phan-biet-giay-phep-kinh-doanh-va-giay-chung-nhan-dang-ky-doanh-nghiep-03.jpg,2026-08-26 16:21:40,Dang hoat dong,//cdn.lifelink.vn/img/c280x280/Dookki-Viet-Nam-avt1_05032026151022.jpg?sign=GrOY-JjKrLUGqTavFWS90Q
Ngự thuyền Hueritage,0345912547,"Nghinh Lương Đình, Đường Lê Duẩn, Phường Phú Xuân, Thành phố Huế",https://ketoananpha.vn/uploads/images/post/36-moi/Phan-biet-giay-phep-kinh-doanh-va-giay-chung-nhan-dang-ky-doanh-nghiep-03.jpg,2026-08-26 16:21:40,Dang hoat dong,//cdn.lifelink.vn/img/c280x280/Ngu-thuyen-Hueritage-Nhat-Yen_18052026163055.jpg?sign=jnXat_gTJM7Nk6AF7arXzw
Nhà hàng Shacha Niú,0386283141,"26 Lương Định Của, Phường Kim Liên, Hà Nội",https://ketoananpha.vn/uploads/images/post/36-moi/Phan-biet-giay-phep-kinh-doanh-va-giay-chung-nhan-dang-ky-doanh-nghiep-03.jpg,2026-08-26 16:21:40,Dang hoat dong,//cdn.lifelink.vn/img/c280x280/Shacha-Niu-1_08052026103331.jpg?sign=lrIJ6G04tZW_3pIZWe1m3Q
Novotel Saigon Centre,0330026546,"Nhà hàng Food Exchange - Tầng 2, Novotel Saigon Centre 4* -  Số 167 Hai Bà Trưng, Phường Xuân Hoà, TP.HCM.",https://ketoananpha.vn/uploads/images/post/36-moi/Phan-biet-giay-phep-kinh-doanh-va-giay-chung-nhan-dang-ky-doanh-nghiep-03.jpg,2026-08-26 16:21:40,Dang hoat dong,//cdn.lifelink.vn/img/c280x280/ADD--Buffet-hai-san-Novotel-Saigon-Centre-3_07072026103522.jpg?sign=cZE4X7kaNbCnnZ9i7rd63A
Tổ Hợp Khu Vui Chơi KidZania Lotte Mall Tây Hồ,0360652277,"Tầng 5, Trung tâm thương mại Lotte Mall Hà Nội, số 272 đường Võ Chí Công, phường Tây Hồ, thành phố Hà Nội, Việt Nam",https://ketoananpha.vn/uploads/images/post/36-moi/Phan-biet-giay-phep-kinh-doanh-va-giay-chung-nhan-dang-ky-doanh-nghiep-03.jpg,2026-08-26 16:27:27,Dang hoat dong,//cdn.lifelink.vn/img/c280x280/KidZania-Ha-Noi-2_15062026110522.jpg?sign=Zv8tU4TbFXPRPHgBILxfsg
The Hanoi Train,0375819945,"Cửa 1C, sảnh Bắc - Ga Hà Nội - 120 Lê Duẩn - Văn Miếu - Hà Nội",https://ketoananpha.vn/uploads/images/post/36-moi/Phan-biet-giay-phep-kinh-doanh-va-giay-chung-nhan-dang-ky-doanh-nghiep-03.jpg,2026-08-26 16:27:27,Dang hoat dong,//cdn.lifelink.vn/img/c280x280/ADD-5-cua-o-1_17072026120043.jpg?sign=H3u_SI-kRDW-4rXNwfCzwg
Sâu Kid Playground,0307003116,"Tầng 3, Lô 05-06-07 toà ROX Center Goldmark City, 136 Hồ Tùng Mậu, Bắc Từ Liêm, Hà Nội",https://ketoananpha.vn/uploads/images/post/36-moi/Phan-biet-giay-phep-kinh-doanh-va-giay-chung-nhan-dang-ky-doanh-nghiep-03.jpg,2026-08-26 16:27:27,Dang hoat dong,//cdn.lifelink.vn/img/c280x280/ADD-Sau-kid-Playground-2_14072026105244.jpg?sign=tEqpkAhovxPH1Wr0VdIsMg
kidzooona AEON MALL Hải Phòng 3F,0354571043,"Lô T347-348, tầng 3, Aeon Mall Hải Phòng Lê Chân, Đ. Hồ Sen Cầu Rào 2, phường An Biên, thành phố Hải Phòng",https://ketoananpha.vn/uploads/images/post/36-moi/Phan-biet-giay-phep-kinh-doanh-va-giay-chung-nhan-dang-ky-doanh-nghiep-03.jpg,2026-08-26 16:27:27,Dang hoat dong,//cdn.lifelink.vn/img/c280x280/ADD-kidzooona-Hai-Phong_14072026172432.jpg?sign=mz1ehr85fB7VefDj-6Kg_w
Show Thực Cảnh Anh Hùng Cờ Lau,0313351166,"Thủy Đình, Phố Cổ Hoa Lư, Ninh Bình",https://ketoananpha.vn/uploads/images/post/36-moi/Phan-biet-giay-phep-kinh-doanh-va-giay-chung-nhan-dang-ky-doanh-nghiep-03.jpg,2026-08-26 16:27:27,Dang hoat dong,//cdn.lifelink.vn/img/c280x280/ADD-Anh-hung-co-lau-01_09072026113202.jpg?sign=4KDlzuWYSeA2LeMGvoKmJA
Kid's Box Vincom Royal Island Hải Phòng,0341783539,"Lô L3-16, tầng L3, Tòa nhà Vincom Mega Mall Royal Island thuộc lô CCĐT-01, Khu B1, Khu vui chơi giải trí, nhà ở và công viên sinh thái đảo Vũ Yên, Phường Thủy Nguyên, TP. Hải Phòng, VN",https://ketoananpha.vn/uploads/images/post/36-moi/Phan-biet-giay-phep-kinh-doanh-va-giay-chung-nhan-dang-ky-doanh-nghiep-03.jpg,2026-08-26 16:27:27,Dang hoat dong,//cdn.lifelink.vn/img/c280x280/ADD-Kidzooona-2_07072026090658.jpg?sign=iZhpYcVAdS5bVfcpVvHDVg
kidzooona AEON MALL Hải Phòng 2F,0388848576,"Lô T264, tầng 2, Aeon Mall Hải Phòng Lê Chân, Đ. Hồ Sen Cầu Rào 2, phường An Biên, thành phố Hải Phòng.",https://ketoananpha.vn/uploads/images/post/36-moi/Phan-biet-giay-phep-kinh-doanh-va-giay-chung-nhan-dang-ky-doanh-nghiep-03.jpg,2026-08-26 16:27:27,Dang hoat dong,//cdn.lifelink.vn/img/c280x280/ADD-Kidzooona-3_07072026090605.jpg?sign=T1impM_63xbzuvOFOJDPmQ
kidzooona Hanoi Centre,0373110411,"L2-C10, Tầng 2, Tiến Bộ Plaza, 175 đường Nguyễn Thái Học, Phường Ô Chợ Dừa, TP. Hà Nội",https://ketoananpha.vn/uploads/images/post/36-moi/Phan-biet-giay-phep-kinh-doanh-va-giay-chung-nhan-dang-ky-doanh-nghiep-03.jpg,2026-08-26 16:27:27,Dang hoat dong,//cdn.lifelink.vn/img/c280x280/ADD-Kidzooona-6_07072026085006.jpg?sign=uqAO43sJUYhZ-85GUfLmrQ
Tiny kidzooona AEON MALL Long Biên,0359736820,"Lô 3F-1, tầng 3, Aeon Mall Long Biên, Số 27 đường Cổ Linh, Phường Long Biên, Thành phố Hà Nội, Việt Nam",https://ketoananpha.vn/uploads/images/post/36-moi/Phan-biet-giay-phep-kinh-doanh-va-giay-chung-nhan-dang-ky-doanh-nghiep-03.jpg,2026-08-26 16:27:27,Dang hoat dong,//cdn.lifelink.vn/img/c280x280/ADD-Kidzooona-1_06072026165845.jpg?sign=i7-Ey0BBpih6FtzHeLkWvg
kidzooona AEON MALL Long Biên,0369558905,"Lô T334-1, tầng 3, Aeon Mall Long Biên, Số 27 đường Cổ Linh, Phường Long Biên, Thành phố Hà Nội, Việt Nam",https://ketoananpha.vn/uploads/images/post/36-moi/Phan-biet-giay-phep-kinh-doanh-va-giay-chung-nhan-dang-ky-doanh-nghiep-03.jpg,2026-08-26 16:27:27,Dang hoat dong,//cdn.lifelink.vn/img/c280x280/ADD-Kidzooona-7_06072026163043.jpg?sign=Rx5hKRvQQyz0jnQDCylKwA
Kid's Box LOTTE MART Vinh,0328339681,"Lô 3F-11, TTTM Lotte Mart, Đại lộ V.I.Lenin, Khối Yên Sơn, Phường Vinh Phú, Tỉnh Nghệ An, Việt Nam",https://ketoananpha.vn/uploads/images/post/36-moi/Phan-biet-giay-phep-kinh-doanh-va-giay-chung-nhan-dang-ky-doanh-nghiep-03.jpg,2026-08-26 16:27:27,Dang hoat dong,//cdn.lifelink.vn/img/c280x280/ADD-Kidzooona-4_06072026172549.jpg?sign=Pw9eUnLolHcg4VF7QbsdkA
kidzooona GO Buôn Ma Thuột,0356200439,"Lô 2S22-B, TTTM Go! Buôn Ma Thuột, Góc đường Nguyễn Thị Định và đường Vành đai Phía Tây, Phường Thành Nhất, Tỉnh Đắk Lắk, Việt Nam",https://ketoananpha.vn/uploads/images/post/36-moi/Phan-biet-giay-phep-kinh-doanh-va-giay-chung-nhan-dang-ky-doanh-nghiep-03.jpg,2026-08-26 16:27:27,Dang hoat dong,//cdn.lifelink.vn/img/c280x280/ADD-Kidzooona-3_06072026160832.jpg?sign=KF5EVS8-miOznWH8E82sYw
kidzooona AEON MALL Tân Phú Celadon,0349426129,"Lô S19, Tầng 2, AEON Mall Tân Phú Celadon, Số 30, Bờ Bao Tân Thắng, Phường Tân Sơn Nhì, Tp.HCM",https://ketoananpha.vn/uploads/images/post/36-moi/Phan-biet-giay-phep-kinh-doanh-va-giay-chung-nhan-dang-ky-doanh-nghiep-03.jpg,2026-08-26 16:27:27,Dang hoat dong,//cdn.lifelink.vn/img/c280x280/ADD-Kidzooona-1_06072026154902.jpg?sign=CkR-bMmWjwBEJgipjwQlyQ
kidzooona PARC MALL Quận 8,0383933139,"L3-01, Tầng 3, Trung tâm thương mại PARC MALL Q.8, số 547-549 đường Tạ Quang Bửu, Phường Chánh Hưng, TP.HCM",https://ketoananpha.vn/uploads/images/post/36-moi/Phan-biet-giay-phep-kinh-doanh-va-giay-chung-nhan-dang-ky-doanh-nghiep-03.jpg,2026-08-26 16:27:27,Dang hoat dong,//cdn.lifelink.vn/img/c280x280/ADD-Kizooona-6_06072026150831.jpg?sign=ao45DOy-mfl3KWvnCFMjZA
kidzooona LOTTE MART Quận 7,0378055248,"2F-01, Tầng 2, LOTTE MART Quận 7 (SGN), 469 Nguyễn Hữu Thọ, Phường Tân Hưng, TP. HCM",https://ketoananpha.vn/uploads/images/post/36-moi/Phan-biet-giay-phep-kinh-doanh-va-giay-chung-nhan-dang-ky-doanh-nghiep-03.jpg,2026-08-26 16:27:27,Dang hoat dong,//cdn.lifelink.vn/img/c280x280/ADD-Kizooona-7_06072026150534.jpg?sign=d6zn0tTcGQPd0UkHYj_WRw
kidzooona Sense City GigaMall,0386215452,"L2-04, Tầng 3,TTTM Giga Mall, 240 - 242 Phạm Văn Đồng, Phường Hiệp Bình, TP.HCM",https://ketoananpha.vn/uploads/images/post/36-moi/Phan-biet-giay-phep-kinh-doanh-va-giay-chung-nhan-dang-ky-doanh-nghiep-03.jpg,2026-08-26 16:27:27,Dang hoat dong,//cdn.lifelink.vn/img/c280x280/ADD-Kizooona-9_06072026141545.jpg?sign=0gXuOt5e55f7gqWwPa7tLQ
kidzooona Sense City Cần Thơ,0399883105,"L2-11, Lầu 2; L3-03 và L3-05, Lầu 3, TTTM Sense City Cần Thơ, số 01 Đại Lộ Hòa Bình, Phường Ninh Kiều, Thành phố Cần Thơ, Việt Nam",https://ketoananpha.vn/uploads/images/post/36-moi/Phan-biet-giay-phep-kinh-doanh-va-giay-chung-nhan-dang-ky-doanh-nghiep-03.jpg,2026-08-26 16:27:27,Dang hoat dong,//cdn.lifelink.vn/img/c280x280/ADD-Kizooona-11_06072026140348.jpg?sign=LSDL8I1XLAPKDEuCHYD4aw
kidzooona Sora Gardens Bình Dương,0366983261,"Lô số 203, Tầng 2, Tòa nhà Sora Gardens SC, Lô C19, Đại lộ Hùng Vương, Phường Bình Dương, TP.HCM",https://ketoananpha.vn/uploads/images/post/36-moi/Phan-biet-giay-phep-kinh-doanh-va-giay-chung-nhan-dang-ky-doanh-nghiep-03.jpg,2026-08-26 16:27:27,Dang hoat dong,//cdn.lifelink.vn/img/c280x280/ADD-Kizooona-12_06072026135049.jpg?sign=lkTuBuXBuhFtqYBynWfIEw
Kid's Box AEON Tân An,0386773912,"Lô T212, Tầng 2, TTTM Aeon Tân An, Số 84 tuyến tránh Quốc lộ 1, KP Bình Cư 3 Phường Long An, Tỉnh Tây Ninh, Việt Nam",https://ketoananpha.vn/uploads/images/post/36-moi/Phan-biet-giay-phep-kinh-doanh-va-giay-chung-nhan-dang-ky-doanh-nghiep-03.jpg,2026-08-26 16:27:27,Dang hoat dong,//cdn.lifelink.vn/img/c280x280/ADD-Kizooona-1_06072026100209.jpg?sign=gwJ2aZDfltyqn_Pj9_PhgA
Life4cuts,0343876484,"The New Playground, 26 Lý Tự Trọng, P. Bến Nghé, Quận 1, Hồ Chí Minh",https://ketoananpha.vn/uploads/images/post/36-moi/Phan-biet-giay-phep-kinh-doanh-va-giay-chung-nhan-dang-ky-doanh-nghiep-03.jpg,2026-08-26 16:27:27,Dang hoat dong,//cdn.lifelink.vn/img/c280x280/ADD-Life4cuts_16062026134140.jpg?sign=tLlfeRkL7ep6oHlscT3Wlw
Khu Du Lịch Sinh Thái Sơn Tiên,0317735216,"Du Lịch Sinh Thái Sơn Tiên - Quốc Lộ 51, Khu Phố 4, Phường An Hoà, Biên Hoà, Đồng Nai",https://ketoananpha.vn/uploads/images/post/36-moi/Phan-biet-giay-phep-kinh-doanh-va-giay-chung-nhan-dang-ky-doanh-nghiep-03.jpg,2026-08-26 16:27:27,Dang hoat dong,//cdn.lifelink.vn/img/c280x280/ADD-Son-Tien-Amazing-World-1_09062026144856.jpg?sign=KXMpwFKKFJp_Tr1JHAE3sw
AdventureS,0308715653,"Tầng L3, Toà Nam, TTTM Hanoi Centre, 175 Nguyễn Thái Học, P. Ô Chợ Dừa, Hà Nội",https://ketoananpha.vn/uploads/images/post/36-moi/Phan-biet-giay-phep-kinh-doanh-va-giay-chung-nhan-dang-ky-doanh-nghiep-03.jpg,2026-08-26 16:27:27,Dang hoat dong,//cdn.lifelink.vn/img/c280x280/AdventureS_09062026095901.jpg?sign=gUjFzdor5WDDmpdBPcWcVw
Bảo tàng Làng Chài Xưa,0345995344,"360 Nguyễn Thông, Phú Hài, Phan Thiết, Lâm Đồng",https://ketoananpha.vn/uploads/images/post/36-moi/Phan-biet-giay-phep-kinh-doanh-va-giay-chung-nhan-dang-ky-doanh-nghiep-03.jpg,2026-08-26 16:27:27,Dang hoat dong,//cdn.lifelink.vn/img/c280x280/ADD-Bao-tang-nuoc-mam-Lang-Chai-Xua_26052026160455.jpg?sign=rjUxMgh4aGGDZOBqqrqc9w
Cinesphere - Phòng chiếu phim 8K,0316472079,"Tầng 4 Vạn Hạnh Mall, Số 11 Sư Vạn Hạnh, Phường Hòa Hưng, Hồ Chí Minh",https://ketoananpha.vn/uploads/images/post/36-moi/Phan-biet-giay-phep-kinh-doanh-va-giay-chung-nhan-dang-ky-doanh-nghiep-03.jpg,2026-08-26 16:27:27,Dang hoat dong,//cdn.lifelink.vn/img/c280x280/Cinesphere-Vạn-Hạnh-Mall--3-_08052026103739.jpg?sign=-ElmbeB4IuQpBeWNuncv9A
Đài quan sát Lotte Center,0383555809,"54 Liễu Giai, Ba Đình, Hà Nội",https://ketoananpha.vn/uploads/images/post/36-moi/Phan-biet-giay-phep-kinh-doanh-va-giay-chung-nhan-dang-ky-doanh-nghiep-03.jpg,2026-08-26 16:27:27,Dang hoat dong,//cdn.lifelink.vn/img/c280x280/9_08052026150905.jpg?sign=YTfZAuW7rN6d9Q3dOZQyEA
X space Immersive,0315528468,"Lô B2-R1-06-07-08, Trung tâm thương mại Vincom Mega Mall Royal City, Số 72A đường Nguyễn Trãi, phường Thanh Xuân, Thành phố Hà Nội, Việt Nam",https://ketoananpha.vn/uploads/images/post/36-moi/Phan-biet-giay-phep-kinh-doanh-va-giay-chung-nhan-dang-ky-doanh-nghiep-03.jpg,2026-08-26 16:27:27,Dang hoat dong,//cdn.lifelink.vn/img/c280x280/ADD-X-Space-Immersive-5_15062026134420.jpg?sign=OeKSsbJ9i02fbfne53uSyA
HLC Starry Sky Art Museum,0341173834,"Khu B2 -R1-27-28 Vincom Mega Mall, 72A Đ. Nguyễn Trãi, Khu đô thị Royal City, Thanh Xuân, Hà Nội",https://ketoananpha.vn/uploads/images/post/36-moi/Phan-biet-giay-phep-kinh-doanh-va-giay-chung-nhan-dang-ky-doanh-nghiep-03.jpg,2026-08-26 16:27:27,Dang hoat dong,//cdn.lifelink.vn/img/c280x280/1_11052026140009.jpg?sign=6sHt8SJd2MQTnDZK_mSY2g
Flyover Starry Sky Art Museum,0373509872,"Tầng 4, Bitexco Financial Tower, số 2 Hải Triều, Phường Bến Nghé, Quận 1, TP. Hồ Chí Minh",https://ketoananpha.vn/uploads/images/post/36-moi/Phan-biet-giay-phep-kinh-doanh-va-giay-chung-nhan-dang-ky-doanh-nghiep-03.jpg,2026-08-26 16:27:27,Dang hoat dong,//cdn.lifelink.vn/img/c280x280/1_08052026160130.jpg?sign=SGnQxHjwehQXAlLTHDj60w
Khu vui chơi B-Zone,0379968011,"Lô L5 - 02 - 04, tầng L5, TTTM Vicom Mega Mall Thảo Điền. Số 161 Võ Nguyên Giáp phường Thảo Điền TP Thủ Đức Hồ Chí Minh",https://ketoananpha.vn/uploads/images/post/36-moi/Phan-biet-giay-phep-kinh-doanh-va-giay-chung-nhan-dang-ky-doanh-nghiep-03.jpg,2026-08-26 16:27:27,Dang hoat dong,//cdn.lifelink.vn/img/c280x280/Thao-Diền--3-_11052026161322.jpg?sign=EJlgSBiZDEaOgV3a2rFUrA
kidzooona Vincom Ocean City Hưng Yên,0359884217,"Lô L2-23, Tầng 2, Thửa đất số 1128, tờ bản đồ số 05 thuộc Dự án Khu đô thị sinh thái Dream City, Xã Nghĩa Trụ, Tỉnh Hưng Yên, Việt Nam.",https://ketoananpha.vn/uploads/images/post/36-moi/Phan-biet-giay-phep-kinh-doanh-va-giay-chung-nhan-dang-ky-doanh-nghiep-03.jpg,2026-08-26 16:27:27,Dang hoat dong,//cdn.lifelink.vn/img/c280x280/Kidzooona-12_11052026170912.jpg?sign=JN35x5jy2ryp6UykoTtE5Q
kidzooona AEON MALL Huế,0375467595,"Lô số T401; T433 và T434, Tầng 4, Aeon Mall Huế, Số 08 Đường Võ Nguyên Giáp, Phường An Cựu, Thành phố Huế, Việt Nam",https://ketoananpha.vn/uploads/images/post/36-moi/Phan-biet-giay-phep-kinh-doanh-va-giay-chung-nhan-dang-ky-doanh-nghiep-03.jpg,2026-08-26 16:27:27,Dang hoat dong,//cdn.lifelink.vn/img/c280x280/Kidzooona-22_11052026170919.jpg?sign=5EFpiIPSVTNZrJfC7NEPLQ
Tổ hợp Vui Chơi Giải Trí và Thể Thao Area One,0391120888,"Số 140 Đức Giang, Phường Việt Hưng, Thành Phố Hà Nội",https://ketoananpha.vn/uploads/images/post/36-moi/Phan-biet-giay-phep-kinh-doanh-va-giay-chung-nhan-dang-ky-doanh-nghiep-03.jpg,2026-08-26 16:27:27,Dang hoat dong,//cdn.lifelink.vn/img/c280x280/Area-One-Kids-7_15062026104143.jpg?sign=dUFo_pAom5DESzkbvEix2A
TOUR ĐÊM VĂN MIẾU - TINH HOA ĐẠO HỌC,0317771818,"58 P. Quốc Tử Giá , Phường Văn Miếu Quốc Tử Giám, Hà Nội",https://ketoananpha.vn/uploads/images/post/36-moi/Phan-biet-giay-phep-kinh-doanh-va-giay-chung-nhan-dang-ky-doanh-nghiep-03.jpg,2026-08-26 16:27:27,Dang hoat dong,//cdn.lifelink.vn/img/c280x280/Tour-dem-Van-Mieu-5_12052026162821.jpg?sign=Bg-IhUEZbq3khtzaTZpn_w
kidzooona Vincom Royal Hà Nội,0337518204,"Lô số B2-R5-27, TTTM Vincom Mega Mall Royal City, 72A Đ. Nguyễn Trãi, Phường Thanh Xuân, Hà Nội",https://ketoananpha.vn/uploads/images/post/36-moi/Phan-biet-giay-phep-kinh-doanh-va-giay-chung-nhan-dang-ky-doanh-nghiep-03.jpg,2026-08-26 16:27:27,Dang hoat dong,//cdn.lifelink.vn/img/c280x280/ADD-kizooona-Ha-Noi_01072026112111.jpg?sign=g11oea8IaOkiV4p4-Ak-mQ
Danang Dophilnarium,0322380249,"Khối Quảng Gia, Phường Điện Bàn Đông, TP.Đà Nẵng",https://ketoananpha.vn/uploads/images/post/36-moi/Phan-biet-giay-phep-kinh-doanh-va-giay-chung-nhan-dang-ky-doanh-nghiep-03.jpg,2026-08-26 16:27:27,Dang hoat dong,//cdn.lifelink.vn/img/c280x280/ADD-Danang-Dophilnarium_08062026102237.jpg?sign=Hlu6sCu1rB1DZwA0ryoKog
Saga Kids Playground,0333725037,"Tầng B1, Tòa Capital Place, 29 Liễu Giai, Ba Đình, Hanoi, Vietnam",https://ketoananpha.vn/uploads/images/post/36-moi/Phan-biet-giay-phep-kinh-doanh-va-giay-chung-nhan-dang-ky-doanh-nghiep-03.jpg,2026-08-26 16:27:27,Dang hoat dong,//cdn.lifelink.vn/img/c280x280/2_12052026114248.jpg?sign=Wf7zUfkQ-HXt4NXrZ_MYbA
Khu du lịch Thúy Thuận Đà Lạt,0323583778,"Tổ 13, Thôn 1, Phường Cam Ly - Đà Lạt, tỉnh Lâm Đồng",https://ketoananpha.vn/uploads/images/post/36-moi/Phan-biet-giay-phep-kinh-doanh-va-giay-chung-nhan-dang-ky-doanh-nghiep-03.jpg,2026-08-26 16:27:27,Dang hoat dong,//cdn.lifelink.vn/img/c280x280/1_11052026153735.jpg?sign=P2ApmAGwK3DTWCrioYfV0Q
City Sightseeing,0320103472,Quầy kiosk màu đỏ với logo City Sightseeing: vườn hoa 19/8 (đối diện với khách sạn Hilton đường Lê Thánh Tông),https://ketoananpha.vn/uploads/images/post/36-moi/Phan-biet-giay-phep-kinh-doanh-va-giay-chung-nhan-dang-ky-doanh-nghiep-03.jpg,2026-08-26 16:27:27,Dang hoat dong,//cdn.lifelink.vn/img/c280x280/ADD-City-Sightseeing-6_15062026112603.jpg?sign=oOuiS1yRdip5tYp1VLen8A
Ccomaya Kids Cafe,0326456571,"Số 9 Đường Số 6, Phường Thảo Điền, Thành phố Thủ Đức, TP.HCM",https://ketoananpha.vn/uploads/images/post/36-moi/Phan-biet-giay-phep-kinh-doanh-va-giay-chung-nhan-dang-ky-doanh-nghiep-03.jpg,2026-08-26 16:27:27,Dang hoat dong,//cdn.lifelink.vn/img/c280x280/Ccomaya-Kids-Cafe_08052026102102.jpg?sign=ZdiMJEbjL4NKA26AyzLNzQ
