ho_ten,email,sdt,ngay_sinh,gioi_tinh,cccd,vai_tro,trang_thai,created_at,ma_chi_nhanh,ma_hsdn
Phạm Thành Bình,binh.pham9537@gmail.com,0977778393,1985-06-15,Nu,052822882042,Nguoi dai dien,Dang hoat dong,2026-08-26 16:58:24,,017c6501-d818-4a3a-8f74-e9aba4552abf
Phạm Minh Hải,hai.pham7796@gmail.com,0996105839,1985-06-15,Nam,042908839029,Nguoi dai dien,Dang hoat dong,2026-08-26 16:58:24,,02ae4d77-f3d1-49eb-8e47-3c162db99f22
Trần Minh Cường,cuong.tran8896@gmail.com,0970578316,1985-06-15,Nu,033799917355,Nguoi dai dien,Dang hoat dong,2026-08-26 16:58:24,,06235d7c-859a-4f48-aa73-af143c47e39d
Đặng Đức Linh,linh.dang1605@gmail.com,0905456348,1985-06-15,Nu,083796031672,Nguoi dai dien,Dang hoat dong,2026-08-26 16:58:24,,09648f1b-81a9-42ff-9795-d0928a52d8d2
Trần Thành Linh,linh.tran4915@gmail.com,0989353159,1985-06-15,Nu,099896710507,Nguoi dai dien,Dang hoat dong,2026-08-26 16:58:24,,0d4a8039-c78a-4982-bbbb-0ec73a2ac9bf
Bùi Đức Linh,linh.bui9335@gmail.com,0946033816,1985-06-15,Nam,036619113214,Nguoi dai dien,Dang hoat dong,2026-08-26 16:58:24,,0d804bcb-be7f-4d9b-a8a9-8c5e951da97a
Phạm Đức Linh,linh.pham2556@gmail.com,0915580462,1985-06-15,Nu,082457360340,Nguoi dai dien,Dang hoat dong,2026-08-26 16:58:24,,0f285aa1-2503-410e-b1c9-15b8ab7235e4
Đặng Thị Tuấn,tuan.dang2797@gmail.com,0908742522,1985-06-15,Nam,025315365532,Nguoi dai dien,Dang hoat dong,2026-08-26 16:58:24,,1114dccd-810f-4887-a534-7c2316871312
Phạm Thị An,an.pham3640@gmail.com,0985601671,1985-06-15,Nam,016474067437,Nguoi dai dien,Dang hoat dong,2026-08-26 16:58:24,,17edb2e9-7f44-465f-8b11-8f2d6a6596b6
Nguyễn Thị Tuấn,tuan.nguyen8026@gmail.com,0985963602,1985-06-15,Nu,071549446859,Nguoi dai dien,Dang hoat dong,2026-08-26 16:58:24,,180c5646-2a62-489d-8685-a93a8c7201e6
Bùi Thành Tuấn,tuan.bui6901@gmail.com,0956130254,1985-06-15,Nam,051985740000,Nguoi dai dien,Dang hoat dong,2026-08-26 16:58:24,,2eba33b1-96cb-435c-8ed3-e7dd57282fca
Trần Văn Thảo,thao.tran4458@gmail.com,0964211205,1985-06-15,Nu,054551103913,Nguoi dai dien,Dang hoat dong,2026-08-26 16:58:24,,340c7165-90d8-47a1-a7b9-26b7ba056d74
Trần Thành Tuấn,tuan.tran2142@gmail.com,0934877945,1985-06-15,Nam,001928650278,Nguoi dai dien,Dang hoat dong,2026-08-26 16:58:24,,36f27a6b-d8a5-4dd7-978f-1c12f16f85f2
Vũ Minh Linh,linh.vu9380@gmail.com,0905948932,1985-06-15,Nu,002135520013,Nguoi dai dien,Dang hoat dong,2026-08-26 16:58:24,,3d6780db-e3aa-4cca-9f2e-2aa7beb3f0f4
Phạm Thành Hải,hai.pham6832@gmail.com,0970863886,1985-06-15,Nam,078363994059,Nguoi dai dien,Dang hoat dong,2026-08-26 16:58:24,,411cf37f-67d3-40a6-89e5-a6a4102e440b
Bùi Văn Linh,linh.bui6559@gmail.com,0962359491,1985-06-15,Nam,010743665988,Nguoi dai dien,Dang hoat dong,2026-08-26 16:58:24,,43e1659b-d0ed-44d2-9613-8349a474a02d
Đặng Thị Hải,hai.dang3101@gmail.com,0965049702,1985-06-15,Nu,099181859636,Nguoi dai dien,Dang hoat dong,2026-08-26 16:58:24,,45477d5c-d229-4703-81f2-0127045999dd
Trần Minh Dũng,dung.tran5373@gmail.com,0923527863,1985-06-15,Nam,078663690521,Nguoi dai dien,Dang hoat dong,2026-08-26 16:58:24,,475e9e4c-4c83-4ef4-9d71-858b2b04dc19
Đặng Phương Bình,binh.dang4806@gmail.com,0932049711,1985-06-15,Nam,013197301572,Nguoi dai dien,Dang hoat dong,2026-08-26 16:58:24,,4bde472f-46d1-4d4a-a3a2-bd1811e00bac
Nguyễn Thành Linh,linh.nguyen2073@gmail.com,0992709781,1985-06-15,Nu,076574766704,Nguoi dai dien,Dang hoat dong,2026-08-26 16:58:24,,52e761b7-5bf4-4538-b8d4-aae58d15d545
Lê Thành Tuấn,tuan.le3418@gmail.com,0980319674,1985-06-15,Nam,027922893550,Nguoi dai dien,Dang hoat dong,2026-08-26 16:58:24,,56421ca4-8d1a-4538-9b40-26b52c10e6ad
Đặng Đức An,an.dang9751@gmail.com,0901042563,1985-06-15,Nu,081904145955,Nguoi dai dien,Dang hoat dong,2026-08-26 16:58:24,,574edd70-5aeb-4afd-9791-8d80828e1550
Vũ Minh Hải,hai.vu4679@gmail.com,0980873792,1985-06-15,Nam,028751716189,Nguoi dai dien,Dang hoat dong,2026-08-26 16:58:24,,5936b685-2078-4e39-b00b-cc7eb8549454
Lê Đức Linh,linh.le1827@gmail.com,0914844421,1985-06-15,Nu,005114048256,Nguoi dai dien,Dang hoat dong,2026-08-26 16:58:24,,5c729ab1-749a-46f4-ac2b-b56ab6d53565
Đặng Thị Linh,linh.dang8450@gmail.com,0937037092,1985-06-15,Nam,014572839835,Nguoi dai dien,Dang hoat dong,2026-08-26 16:58:24,,639f4245-d8ad-4e85-9e70-b2c619fc340e
Hoàng Thành Tuấn,tuan.hoang5422@gmail.com,0930817948,1985-06-15,Nam,059649926885,Nguoi dai dien,Dang hoat dong,2026-08-26 16:58:24,,6924b9d8-d647-48dc-b64b-fa3bb3ce73f1
Bùi Đức An,an.bui6112@gmail.com,0927127949,1985-06-15,Nam,092953845552,Nguoi dai dien,Dang hoat dong,2026-08-26 16:58:24,,6ad5c5e2-2b9a-4061-af7f-2f963a0f0af6
Hoàng Thành Hải,hai.hoang6284@gmail.com,0957740063,1985-06-15,Nam,019040462020,Nguoi dai dien,Dang hoat dong,2026-08-26 16:58:24,,6b5381a9-d1cd-4314-b723-3c36501caa83
Bùi Thành Cường,cuong.bui1498@gmail.com,0934830648,1985-06-15,Nu,025859485018,Nguoi dai dien,Dang hoat dong,2026-08-26 16:58:24,,754a0d9a-76dc-44da-b228-811892f99e6d
Vũ Phương Thảo,thao.vu8071@gmail.com,0965926085,1985-06-15,Nam,052467954493,Nguoi dai dien,Dang hoat dong,2026-08-26 16:58:24,,7a97e6af-ebe1-4e0f-96d1-2873b4810402
Phạm Phương Linh,linh.pham5758@gmail.com,0942958619,1985-06-15,Nam,047842400868,Nguoi dai dien,Dang hoat dong,2026-08-26 16:58:24,,7d113c07-2b54-4007-9045-86a460356306
Phạm Quang Tuấn,tuan.pham3307@gmail.com,0900466911,1985-06-15,Nu,081303068262,Nguoi dai dien,Dang hoat dong,2026-08-26 16:58:24,,830cc29b-7004-4234-8cde-f3d5b7f782f7
Nguyễn Thành Bình,binh.nguyen9943@gmail.com,0957768372,1985-06-15,Nam,009088113209,Nguoi dai dien,Dang hoat dong,2026-08-26 16:58:24,,875e7575-54d1-47cf-a09b-dca98cddee33
Trần Minh Dũng,dung.tran5434@gmail.com,0998882986,1985-06-15,Nam,020604985778,Nguoi dai dien,Dang hoat dong,2026-08-26 16:58:24,,8b7e72b6-d833-419e-8086-024d6be1b144
Lê Đức Hải,hai.le9891@gmail.com,0957978004,1985-06-15,Nam,004327237360,Nguoi dai dien,Dang hoat dong,2026-08-26 16:58:24,,8bafce75-fceb-43d7-b301-1d48b9e4de54
Lê Quang Bình,binh.le3652@gmail.com,0900258554,1985-06-15,Nam,016442740030,Nguoi dai dien,Dang hoat dong,2026-08-26 16:58:24,,90743c6c-7cd9-46cb-8a42-b6411091e46e
Đặng Văn Cường,cuong.dang8730@gmail.com,0915036620,1985-06-15,Nam,004989087881,Nguoi dai dien,Dang hoat dong,2026-08-26 16:58:24,,99ccb042-3d52-4ada-bdff-aa6ee70ac1fb
Trần Minh Linh,linh.tran6380@gmail.com,0962353572,1985-06-15,Nam,097691110622,Nguoi dai dien,Dang hoat dong,2026-08-26 16:58:24,,9ee98775-8d3c-4737-8fd2-d53c7ddbbb55
Bùi Quang Tuấn,tuan.bui3089@gmail.com,0916004075,1985-06-15,Nu,003159691238,Nguoi dai dien,Dang hoat dong,2026-08-26 16:58:24,,aac5368a-3bf3-427f-ab4c-99fca4f00eea
Đặng Phương Tuấn,tuan.dang2485@gmail.com,0903708535,1985-06-15,Nam,044519579409,Nguoi dai dien,Dang hoat dong,2026-08-26 16:58:24,,ab8170c4-b8ee-48e0-b4a3-18a802d354bb
Đặng Quang Dũng,dung.dang9906@gmail.com,0967443259,1985-06-15,Nu,034116898483,Nguoi dai dien,Dang hoat dong,2026-08-26 16:58:24,,afd47b2f-2348-4a30-8733-0b3ddf8e0d95
Bùi Đức An,an.bui4941@gmail.com,0937470731,1985-06-15,Nu,061759444582,Nguoi dai dien,Dang hoat dong,2026-08-26 16:58:24,,afd8448c-69ae-4867-93aa-c579ea459299
Nguyễn Văn Hải,hai.nguyen8661@gmail.com,0937102436,1985-06-15,Nam,078118947213,Nguoi dai dien,Dang hoat dong,2026-08-26 16:58:24,,b26f1740-b341-4ff2-8c94-2563aa8a66f7
Nguyễn Phương Hải,hai.nguyen5027@gmail.com,0925215112,1985-06-15,Nam,030720427840,Nguoi dai dien,Dang hoat dong,2026-08-26 16:58:24,,b96a40c9-5279-4b15-92cc-14433cb91784
Bùi Thị An,an.bui4913@gmail.com,0966231462,1985-06-15,Nam,050406467275,Nguoi dai dien,Dang hoat dong,2026-08-26 16:58:24,,bb105ef3-f758-42a1-9186-8c84e2848654
Bùi Thành Linh,linh.bui5758@gmail.com,0962571441,1985-06-15,Nam,087259150665,Nguoi dai dien,Dang hoat dong,2026-08-26 16:58:24,,be9c629a-73a7-4f3a-ac22-08a886cd24df
Bùi Minh Tuấn,tuan.bui6207@gmail.com,0914842196,1985-06-15,Nam,014619989303,Nguoi dai dien,Dang hoat dong,2026-08-26 16:58:24,,c4b4baf9-845c-4c3d-94ad-b851a15b6984
Bùi Đức Hải,hai.bui2163@gmail.com,0980665964,1985-06-15,Nam,091477990343,Nguoi dai dien,Dang hoat dong,2026-08-26 16:58:24,,c5dc445c-fea7-4a5e-823a-41665903d82b
Bùi Quang Hải,hai.bui8004@gmail.com,0917797348,1985-06-15,Nu,015230165422,Nguoi dai dien,Dang hoat dong,2026-08-26 16:58:24,,c6ea3e6a-f0da-491b-9e4e-94ec591a3e1e
Hoàng Đức Bình,binh.hoang8466@gmail.com,0950885212,1985-06-15,Nam,097186202064,Nguoi dai dien,Dang hoat dong,2026-08-26 16:58:24,,e4ced7d0-0311-4160-865b-131feaf86078
Lê Đức Hải,hai.le8259@gmail.com,0942452709,1985-06-15,Nam,072707265819,Nguoi dai dien,Dang hoat dong,2026-08-26 16:58:24,,ec461027-a973-418e-90bf-6dc7e814f027
Hoàng Thị Linh,linh.hoang9443@gmail.com,0965441989,1985-06-15,Nam,059635992065,Nguoi dai dien,Dang hoat dong,2026-08-26 16:58:24,,f54ec690-4139-4559-aaf7-e5b447e67f66
Trần Phương Tuấn,tuan.tran7951@gmail.com,0923283964,1985-06-15,Nu,074919689434,Nguoi dai dien,Dang hoat dong,2026-08-26 16:58:24,,fd61f2bf-6655-4239-955b-b2ddd14c63c6
