ten_dn,logo,ngay_tao,trang_thai
I.CAN INTERNATIONAL,//cdn.lifelink.vn/img/c280x280/ADD-Trang-Binh-An_21082026103954.jpg?sign=tPZbZy5LIFs6OXjbrWkciQ,2026-08-26 16:21:40,Dang hoat dong
Nhà hàng Chay Tầm Vị,//cdn.lifelink.vn/img/c280x280/ADD-Chay-Tam-Vi_12082026142301.jpg?sign=5x9dQFK6ItK4PE_RVVSr9g,2026-08-26 16:21:40,Dang hoat dong
GIVISTA,//cdn.lifelink.vn/img/c280x280/ADD-Du-Nhien-2banh_10082026164655.jpg?sign=Ddc5u33AMICrRNxJuBgKmw,2026-08-26 16:21:40,Dang hoat dong
Spicy Box,//cdn.lifelink.vn/img/c280x280/Voucher-Buffet-danh-cho-1-nguoi_29072026090558.jpg?sign=ymEvQidr4BZ4Xi2fZc0D7w,2026-08-26 16:21:40,Dang hoat dong
Chicken Plus,//cdn.lifelink.vn/img/c280x280/Voucher-Ga-khong-xuong-sot-ngu-vi-lon_28072026133620.jpg?sign=p4KM3CXyI-7MwUgnqlM7NQ,2026-08-26 16:21:40,Dang hoat dong
Lotteria,//cdn.lifelink.vn/img/c280x280/ADD-Lotteria-Voucher-L-Chicken-Burger_11062026154507.jpg?sign=WUD7Hoo5H9oMiMQQMxE2ig,2026-08-26 16:21:40,Dang hoat dong
LifeLink Gift Card,//cdn.lifelink.vn/img/c280x280/backimthaang_11052026142335.jpg?sign=HGhw_BY9OB9aJhLKsN8hTg,2026-08-26 16:21:40,Dang hoat dong
Hệ thống Sườn Mười,//cdn.lifelink.vn/img/c280x280/IMG_20260605_104506_19062026084219.jpg?sign=16yIgD1wUuuaCjtIvTa8AQ,2026-08-26 16:21:40,Dang hoat dong
Tàu nhà hàng SAIGON PRINCESS,//cdn.lifelink.vn/img/c280x280/ADD-SaiGon-Princess-4_11062026101741.jpg?sign=4NJQl_Ml2-CBO2bcKGDWFg,2026-08-26 16:21:40,Dang hoat dong
Du thuyền nhà hàng Benthanh Princess,//cdn.lifelink.vn/img/c280x280/ADD-Benthanh-Princess-3_10062026163746.jpg?sign=4rYQYT8t3T0HidSLVifNfA,2026-08-26 16:21:40,Dang hoat dong
Dookki Việt Nam,//cdn.lifelink.vn/img/c280x280/Dookki-Viet-Nam-avt1_05032026151022.jpg?sign=GrOY-JjKrLUGqTavFWS90Q,2026-08-26 16:21:40,Dang hoat dong
Ngự thuyền Hueritage,//cdn.lifelink.vn/img/c280x280/Ngu-thuyen-Hueritage-Nhat-Yen_18052026163055.jpg?sign=jnXat_gTJM7Nk6AF7arXzw,2026-08-26 16:21:40,Dang hoat dong
Nhà hàng Shacha Niú,//cdn.lifelink.vn/img/c280x280/Shacha-Niu-1_08052026103331.jpg?sign=lrIJ6G04tZW_3pIZWe1m3Q,2026-08-26 16:21:40,Dang hoat dong
Novotel Saigon Centre,//cdn.lifelink.vn/img/c280x280/ADD--Buffet-hai-san-Novotel-Saigon-Centre-3_07072026103522.jpg?sign=cZE4X7kaNbCnnZ9i7rd63A,2026-08-26 16:21:40,Dang hoat dong
Tổ Hợp Khu Vui Chơi KidZania Lotte Mall Tây Hồ,//cdn.lifelink.vn/img/c280x280/KidZania-Ha-Noi-2_15062026110522.jpg?sign=Zv8tU4TbFXPRPHgBILxfsg,2026-08-26 16:27:27,Dang hoat dong
The Hanoi Train,//cdn.lifelink.vn/img/c280x280/ADD-5-cua-o-1_17072026120043.jpg?sign=H3u_SI-kRDW-4rXNwfCzwg,2026-08-26 16:27:27,Dang hoat dong
Sâu Kid Playground,//cdn.lifelink.vn/img/c280x280/ADD-Sau-kid-Playground-2_14072026105244.jpg?sign=tEqpkAhovxPH1Wr0VdIsMg,2026-08-26 16:27:27,Dang hoat dong
kidzooona AEON MALL Hải Phòng 3F,//cdn.lifelink.vn/img/c280x280/ADD-kidzooona-Hai-Phong_14072026172432.jpg?sign=mz1ehr85fB7VefDj-6Kg_w,2026-08-26 16:27:27,Dang hoat dong
Show Thực Cảnh Anh Hùng Cờ Lau,//cdn.lifelink.vn/img/c280x280/ADD-Anh-hung-co-lau-01_09072026113202.jpg?sign=4KDlzuWYSeA2LeMGvoKmJA,2026-08-26 16:27:27,Dang hoat dong
Kid's Box Vincom Royal Island Hải Phòng,//cdn.lifelink.vn/img/c280x280/ADD-Kidzooona-2_07072026090658.jpg?sign=iZhpYcVAdS5bVfcpVvHDVg,2026-08-26 16:27:27,Dang hoat dong
kidzooona AEON MALL Hải Phòng 2F,//cdn.lifelink.vn/img/c280x280/ADD-Kidzooona-3_07072026090605.jpg?sign=T1impM_63xbzuvOFOJDPmQ,2026-08-26 16:27:27,Dang hoat dong
kidzooona Hanoi Centre,//cdn.lifelink.vn/img/c280x280/ADD-Kidzooona-6_07072026085006.jpg?sign=uqAO43sJUYhZ-85GUfLmrQ,2026-08-26 16:27:27,Dang hoat dong
Tiny kidzooona AEON MALL Long Biên,//cdn.lifelink.vn/img/c280x280/ADD-Kidzooona-1_06072026165845.jpg?sign=i7-Ey0BBpih6FtzHeLkWvg,2026-08-26 16:27:27,Dang hoat dong
kidzooona AEON MALL Long Biên,//cdn.lifelink.vn/img/c280x280/ADD-Kidzooona-7_06072026163043.jpg?sign=Rx5hKRvQQyz0jnQDCylKwA,2026-08-26 16:27:27,Dang hoat dong
Kid's Box LOTTE MART Vinh,//cdn.lifelink.vn/img/c280x280/ADD-Kidzooona-4_06072026172549.jpg?sign=Pw9eUnLolHcg4VF7QbsdkA,2026-08-26 16:27:27,Dang hoat dong
kidzooona GO Buôn Ma Thuột,//cdn.lifelink.vn/img/c280x280/ADD-Kidzooona-3_06072026160832.jpg?sign=KF5EVS8-miOznWH8E82sYw,2026-08-26 16:27:27,Dang hoat dong
kidzooona AEON MALL Tân Phú Celadon,//cdn.lifelink.vn/img/c280x280/ADD-Kidzooona-1_06072026154902.jpg?sign=CkR-bMmWjwBEJgipjwQlyQ,2026-08-26 16:27:27,Dang hoat dong
kidzooona PARC MALL Quận 8,//cdn.lifelink.vn/img/c280x280/ADD-Kizooona-6_06072026150831.jpg?sign=ao45DOy-mfl3KWvnCFMjZA,2026-08-26 16:27:27,Dang hoat dong
kidzooona LOTTE MART Quận 7,//cdn.lifelink.vn/img/c280x280/ADD-Kizooona-7_06072026150534.jpg?sign=d6zn0tTcGQPd0UkHYj_WRw,2026-08-26 16:27:27,Dang hoat dong
kidzooona Sense City GigaMall,//cdn.lifelink.vn/img/c280x280/ADD-Kizooona-9_06072026141545.jpg?sign=0gXuOt5e55f7gqWwPa7tLQ,2026-08-26 16:27:27,Dang hoat dong
kidzooona Sense City Cần Thơ,//cdn.lifelink.vn/img/c280x280/ADD-Kizooona-11_06072026140348.jpg?sign=LSDL8I1XLAPKDEuCHYD4aw,2026-08-26 16:27:27,Dang hoat dong
kidzooona Sora Gardens Bình Dương,//cdn.lifelink.vn/img/c280x280/ADD-Kizooona-12_06072026135049.jpg?sign=lkTuBuXBuhFtqYBynWfIEw,2026-08-26 16:27:27,Dang hoat dong
Kid's Box AEON Tân An,//cdn.lifelink.vn/img/c280x280/ADD-Kizooona-1_06072026100209.jpg?sign=gwJ2aZDfltyqn_Pj9_PhgA,2026-08-26 16:27:27,Dang hoat dong
Life4cuts,//cdn.lifelink.vn/img/c280x280/ADD-Life4cuts_16062026134140.jpg?sign=tLlfeRkL7ep6oHlscT3Wlw,2026-08-26 16:27:27,Dang hoat dong
Khu Du Lịch Sinh Thái Sơn Tiên,//cdn.lifelink.vn/img/c280x280/ADD-Son-Tien-Amazing-World-1_09062026144856.jpg?sign=KXMpwFKKFJp_Tr1JHAE3sw,2026-08-26 16:27:27,Dang hoat dong
AdventureS,//cdn.lifelink.vn/img/c280x280/AdventureS_09062026095901.jpg?sign=gUjFzdor5WDDmpdBPcWcVw,2026-08-26 16:27:27,Dang hoat dong
Bảo tàng Làng Chài Xưa,//cdn.lifelink.vn/img/c280x280/ADD-Bao-tang-nuoc-mam-Lang-Chai-Xua_26052026160455.jpg?sign=rjUxMgh4aGGDZOBqqrqc9w,2026-08-26 16:27:27,Dang hoat dong
Cinesphere - Phòng chiếu phim 8K,//cdn.lifelink.vn/img/c280x280/Cinesphere-Vạn-Hạnh-Mall--3-_08052026103739.jpg?sign=-ElmbeB4IuQpBeWNuncv9A,2026-08-26 16:27:27,Dang hoat dong
Đài quan sát Lotte Center,//cdn.lifelink.vn/img/c280x280/9_08052026150905.jpg?sign=YTfZAuW7rN6d9Q3dOZQyEA,2026-08-26 16:27:27,Dang hoat dong
X space Immersive,//cdn.lifelink.vn/img/c280x280/ADD-X-Space-Immersive-5_15062026134420.jpg?sign=OeKSsbJ9i02fbfne53uSyA,2026-08-26 16:27:27,Dang hoat dong
HLC Starry Sky Art Museum,//cdn.lifelink.vn/img/c280x280/1_11052026140009.jpg?sign=6sHt8SJd2MQTnDZK_mSY2g,2026-08-26 16:27:27,Dang hoat dong
Flyover Starry Sky Art Museum,//cdn.lifelink.vn/img/c280x280/1_08052026160130.jpg?sign=SGnQxHjwehQXAlLTHDj60w,2026-08-26 16:27:27,Dang hoat dong
Khu vui chơi B-Zone,//cdn.lifelink.vn/img/c280x280/Thao-Diền--3-_11052026161322.jpg?sign=EJlgSBiZDEaOgV3a2rFUrA,2026-08-26 16:27:27,Dang hoat dong
kidzooona Vincom Ocean City Hưng Yên,//cdn.lifelink.vn/img/c280x280/Kidzooona-12_11052026170912.jpg?sign=JN35x5jy2ryp6UykoTtE5Q,2026-08-26 16:27:27,Dang hoat dong
kidzooona AEON MALL Huế,//cdn.lifelink.vn/img/c280x280/Kidzooona-22_11052026170919.jpg?sign=5EFpiIPSVTNZrJfC7NEPLQ,2026-08-26 16:27:27,Dang hoat dong
Tổ hợp Vui Chơi Giải Trí và Thể Thao Area One,//cdn.lifelink.vn/img/c280x280/Area-One-Kids-7_15062026104143.jpg?sign=dUFo_pAom5DESzkbvEix2A,2026-08-26 16:27:27,Dang hoat dong
TOUR ĐÊM VĂN MIẾU - TINH HOA ĐẠO HỌC,//cdn.lifelink.vn/img/c280x280/Tour-dem-Van-Mieu-5_12052026162821.jpg?sign=Bg-IhUEZbq3khtzaTZpn_w,2026-08-26 16:27:27,Dang hoat dong
kidzooona Vincom Royal Hà Nội,//cdn.lifelink.vn/img/c280x280/ADD-kizooona-Ha-Noi_01072026112111.jpg?sign=g11oea8IaOkiV4p4-Ak-mQ,2026-08-26 16:27:27,Dang hoat dong
Danang Dophilnarium,//cdn.lifelink.vn/img/c280x280/ADD-Danang-Dophilnarium_08062026102237.jpg?sign=Hlu6sCu1rB1DZwA0ryoKog,2026-08-26 16:27:27,Dang hoat dong
Saga Kids Playground,//cdn.lifelink.vn/img/c280x280/2_12052026114248.jpg?sign=Wf7zUfkQ-HXt4NXrZ_MYbA,2026-08-26 16:27:27,Dang hoat dong
Khu du lịch Thúy Thuận Đà Lạt,//cdn.lifelink.vn/img/c280x280/1_11052026153735.jpg?sign=P2ApmAGwK3DTWCrioYfV0Q,2026-08-26 16:27:27,Dang hoat dong
City Sightseeing,//cdn.lifelink.vn/img/c280x280/ADD-City-Sightseeing-6_15062026112603.jpg?sign=oOuiS1yRdip5tYp1VLen8A,2026-08-26 16:27:27,Dang hoat dong
Ccomaya Kids Cafe,//cdn.lifelink.vn/img/c280x280/Ccomaya-Kids-Cafe_08052026102102.jpg?sign=ZdiMJEbjL4NKA26AyzLNzQ,2026-08-26 16:27:27,Dang hoat dong
