ma_hs,ten_dn,ma_so_thue,dia_chi,giay_phep_kinh_doanh,ngay_tao,trang_thai,logo
017c6501-d818-4a3a-8f74-e9aba4552abf,kidzooona AEON MALL Hải Phòng 2F,0388848576,"Lô T264, tầng 2, Aeon Mall Hải Phòng Lê Chân, Đ. Hồ Sen Cầu Rào 2, phường An Biên, thành phố Hải Phòng.",https://ketoananpha.vn/uploads/images/post/36-moi/Phan-biet-giay-phep-kinh-doanh-va-giay-chung-nhan-dang-ky-doanh-nghiep-03.jpg,2026-08-26 16:27:27+00,Dang hoat dong,//cdn.lifelink.vn/img/c280x280/ADD-Kidzooona-3_07072026090605.jpg?sign=T1impM_63xbzuvOFOJDPmQ
02ae4d77-f3d1-49eb-8e47-3c162db99f22,The Hanoi Train,0375819945,"Cửa 1C, sảnh Bắc - Ga Hà Nội - 120 Lê Duẩn - Văn Miếu - Hà Nội",https://ketoananpha.vn/uploads/images/post/36-moi/Phan-biet-giay-phep-kinh-doanh-va-giay-chung-nhan-dang-ky-doanh-nghiep-03.jpg,2026-08-26 16:27:27+00,Dang hoat dong,//cdn.lifelink.vn/img/c280x280/ADD-5-cua-o-1_17072026120043.jpg?sign=H3u_SI-kRDW-4rXNwfCzwg
06235d7c-859a-4f48-aa73-af143c47e39d,Ngự thuyền Hueritage,0345912547,"Nghinh Lương Đình, Đường Lê Duẩn, Phường Phú Xuân, Thành phố Huế",https://ketoananpha.vn/uploads/images/post/36-moi/Phan-biet-giay-phep-kinh-doanh-va-giay-chung-nhan-dang-ky-doanh-nghiep-03.jpg,2026-08-26 16:21:40+00,Dang hoat dong,//cdn.lifelink.vn/img/c280x280/Ngu-thuyen-Hueritage-Nhat-Yen_18052026163055.jpg?sign=jnXat_gTJM7Nk6AF7arXzw
09648f1b-81a9-42ff-9795-d0928a52d8d2,kidzooona AEON MALL Long Biên,0369558905,"Lô T334-1, tầng 3, Aeon Mall Long Biên, Số 27 đường Cổ Linh, Phường Long Biên, Thành phố Hà Nội, Việt Nam",https://ketoananpha.vn/uploads/images/post/36-moi/Phan-biet-giay-phep-kinh-doanh-va-giay-chung-nhan-dang-ky-doanh-nghiep-03.jpg,2026-08-26 16:27:27+00,Dang hoat dong,//cdn.lifelink.vn/img/c280x280/ADD-Kidzooona-7_06072026163043.jpg?sign=Rx5hKRvQQyz0jnQDCylKwA
0bb45dbd-d123-48e3-b019-bebbe4939c5d,Show Thực Cảnh Anh Hùng Cờ Lau,0310928727,"Thủy Đình, Phố Cổ Hoa Lư, Ninh Bình",https://ketoananpha.vn/uploads/images/post/36-moi/Phan-biet-giay-phep-kinh-doanh-va-giay-chung-nhan-dang-ky-doanh-nghiep-03.jpg,2026-08-24 16:04:29+00,Dang hoat dong,//cdn.lifelink.vn/img/c280x280/ADD-Anh-hung-co-lau-01_09072026113202.jpg?sign=4KDlzuWYSeA2LeMGvoKmJA
0d4a8039-c78a-4982-bbbb-0ec73a2ac9bf,kidzooona PARC MALL Quận 8,0383933139,"L3-01, Tầng 3, Trung tâm thương mại PARC MALL Q.8, số 547-549 đường Tạ Quang Bửu, Phường Chánh Hưng, TP.HCM",https://ketoananpha.vn/uploads/images/post/36-moi/Phan-biet-giay-phep-kinh-doanh-va-giay-chung-nhan-dang-ky-doanh-nghiep-03.jpg,2026-08-26 16:27:27+00,Dang hoat dong,//cdn.lifelink.vn/img/c280x280/ADD-Kizooona-6_06072026150831.jpg?sign=ao45DOy-mfl3KWvnCFMjZA
0d804bcb-be7f-4d9b-a8a9-8c5e951da97a,Khu Du Lịch Sinh Thái Sơn Tiên,0317735216,"Du Lịch Sinh Thái Sơn Tiên - Quốc Lộ 51, Khu Phố 4, Phường An Hoà, Biên Hoà, Đồng Nai",https://ketoananpha.vn/uploads/images/post/36-moi/Phan-biet-giay-phep-kinh-doanh-va-giay-chung-nhan-dang-ky-doanh-nghiep-03.jpg,2026-08-26 16:27:27+00,Dang hoat dong,//cdn.lifelink.vn/img/c280x280/ADD-Son-Tien-Amazing-World-1_09062026144856.jpg?sign=KXMpwFKKFJp_Tr1JHAE3sw
0f285aa1-2503-410e-b1c9-15b8ab7235e4,Novotel Saigon Centre,0330026546,"Nhà hàng Food Exchange - Tầng 2, Novotel Saigon Centre 4* -  Số 167 Hai Bà Trưng, Phường Xuân Hoà, TP.HCM.",https://ketoananpha.vn/uploads/images/post/36-moi/Phan-biet-giay-phep-kinh-doanh-va-giay-chung-nhan-dang-ky-doanh-nghiep-03.jpg,2026-08-26 16:21:40+00,Dang hoat dong,//cdn.lifelink.vn/img/c280x280/ADD--Buffet-hai-san-Novotel-Saigon-Centre-3_07072026103522.jpg?sign=cZE4X7kaNbCnnZ9i7rd63A
0f44c4e9-2b55-4a43-88c8-e51bc848ab1a,kidzooona Hanoi Centre,0331987936,"L2-C10, Tầng 2, Tiến Bộ Plaza, 175 đường Nguyễn Thái Học, Phường Ô Chợ Dừa, TP. Hà Nội",https://ketoananpha.vn/uploads/images/post/36-moi/Phan-biet-giay-phep-kinh-doanh-va-giay-chung-nhan-dang-ky-doanh-nghiep-03.jpg,2026-08-24 16:04:29+00,Dang hoat dong,//cdn.lifelink.vn/img/c280x280/ADD-Kidzooona-6_07072026085006.jpg?sign=uqAO43sJUYhZ-85GUfLmrQ
1114dccd-810f-4887-a534-7c2316871312,Chicken Plus,0366819376,"179 Lê Duẩn, Phường Cam Ranh, Khánh Hòa",https://ketoananpha.vn/uploads/images/post/36-moi/Phan-biet-giay-phep-kinh-doanh-va-giay-chung-nhan-dang-ky-doanh-nghiep-03.jpg,2026-08-26 16:21:40+00,Dang hoat dong,//cdn.lifelink.vn/img/c280x280/Voucher-Ga-khong-xuong-sot-ngu-vi-lon_28072026133620.jpg?sign=p4KM3CXyI-7MwUgnqlM7NQ
15ad6191-778f-4a62-95b2-97a5bdaf18f0,kidzooona AEON MALL Tân Phú Celadon,0390987539,"Lô S19, Tầng 2, AEON Mall Tân Phú Celadon, Số 30, Bờ Bao Tân Thắng, Phường Tân Sơn Nhì, Tp.HCM",https://ketoananpha.vn/uploads/images/post/36-moi/Phan-biet-giay-phep-kinh-doanh-va-giay-chung-nhan-dang-ky-doanh-nghiep-03.jpg,2026-08-24 16:04:29+00,Dang hoat dong,//cdn.lifelink.vn/img/c280x280/ADD-Kidzooona-1_06072026154902.jpg?sign=CkR-bMmWjwBEJgipjwQlyQ
17edb2e9-7f44-465f-8b11-8f2d6a6596b6,kidzooona Vincom Ocean City Hưng Yên,0359884217,"Lô L2-23, Tầng 2, Thửa đất số 1128, tờ bản đồ số 05 thuộc Dự án Khu đô thị sinh thái Dream City, Xã Nghĩa Trụ, Tỉnh Hưng Yên, Việt Nam.",https://ketoananpha.vn/uploads/images/post/36-moi/Phan-biet-giay-phep-kinh-doanh-va-giay-chung-nhan-dang-ky-doanh-nghiep-03.jpg,2026-08-26 16:27:27+00,Dang hoat dong,//cdn.lifelink.vn/img/c280x280/Kidzooona-12_11052026170912.jpg?sign=JN35x5jy2ryp6UykoTtE5Q
180c5646-2a62-489d-8685-a93a8c7201e6,Dookki Việt Nam,0398147802,"Tầng 4, Mipec Rubik360, 122-124 đường Xuân Thủy, Phường Cầu Giấy, Hà Nội",https://ketoananpha.vn/uploads/images/post/36-moi/Phan-biet-giay-phep-kinh-doanh-va-giay-chung-nhan-dang-ky-doanh-nghiep-03.jpg,2026-08-26 16:21:40+00,Dang hoat dong,//cdn.lifelink.vn/img/c280x280/Dookki-Viet-Nam-avt1_05032026151022.jpg?sign=GrOY-JjKrLUGqTavFWS90Q
195ea851-59dd-4e70-ad76-71d0ea76db64,Fast Lane - Consortio,0319220185,"Cảng hàng không quốc tế Phú Quốc Đặc khu Tổ 2, Khu phố, Phú Quốc, An Giang",https://ketoananpha.vn/uploads/images/post/36-moi/Phan-biet-giay-phep-kinh-doanh-va-giay-chung-nhan-dang-ky-doanh-nghiep-03.jpg,2026-08-24 16:10:24+00,Dang hoat dong,//cdn.lifelink.vn/img/c280x280/Evisa-Dich-vu-ho-tro-lay-thi-thuc-Online_30062026111126.jpg?sign=mkAyfZGyM6KX8Lxp1k1znA
1c515879-c33a-4175-af65-f74c5034ca13,Kid's Box Vincom Royal Island Hải Phòng,0340753220,"Lô L3-16, tầng L3, Tòa nhà Vincom Mega Mall Royal Island thuộc lô CCĐT-01, Khu B1, Khu vui chơi giải trí, nhà ở và công viên sinh thái đảo Vũ Yên, Phường Thủy Nguyên, TP. Hải Phòng, VN",https://ketoananpha.vn/uploads/images/post/36-moi/Phan-biet-giay-phep-kinh-doanh-va-giay-chung-nhan-dang-ky-doanh-nghiep-03.jpg,2026-08-24 16:04:29+00,Dang hoat dong,//cdn.lifelink.vn/img/c280x280/ADD-Kidzooona-2_07072026090658.jpg?sign=iZhpYcVAdS5bVfcpVvHDVg
1f6d328f-c0b0-4676-b4f7-29935641dcea,The Hanoi Train,0392919188,"Cửa 1C, sảnh Bắc - Ga Hà Nội - 120 Lê Duẩn - Văn Miếu - Hà Nội",https://ketoananpha.vn/uploads/images/post/36-moi/Phan-biet-giay-phep-kinh-doanh-va-giay-chung-nhan-dang-ky-doanh-nghiep-03.jpg,2026-08-24 16:04:29+00,Dang hoat dong,//cdn.lifelink.vn/img/c280x280/ADD-5-cua-o-1_17072026120043.jpg?sign=H3u_SI-kRDW-4rXNwfCzwg
20000000-0000-0000-0000-000000000001,Ẩm Thực Bốn Phương,0310000001,"133/A Đường Nguyễn Huệ, Q1, TPHCM",https://qsbnxxkqosnoomzgjtyp.supabase.co/storage/v1/object/public/partner-documents/licenses/1786626559125_6rk2ic.jpg,2025-10-21 09:34:18.18177+00,Dang hoat dong,https://qsbnxxkqosnoomzgjtyp.supabase.co/storage/v1/object/public/partner-documents/logos/1786626560253_imprmu.png
20000000-0000-0000-0000-000000000002,Cong ty TNHH Spa An Nhien,0310000002,"25 Thanh Thai, TP. Ho Chi Minh",https://example.local/licenses/spa-an-nhien.pdf,2026-07-13 09:34:18.18177+00,Dang hoat dong,https://images.unsplash.com/photo-1546069901-ba9599a7e63c?fm=jpg&q=60&w=3000&auto=format&fit=crop&ixlib=rb-4.1.0&ixid=M3wxMjA3fDB8MHxzZWFyY2h8Mnx8Zm9vZHxlbnwwfHwwfHx8MA%3D%3D
20000000-0000-0000-0000-000000000003,Cong ty Co phan Giao Duc Tuong Lai,0310000003,"80 Vo Van Tan, TP. Ho Chi Minh",https://example.local/licenses/giao-duc-tuong-lai.pdf,2026-06-23 09:34:18.18177+00,Tam khoa,https://images.unsplash.com/photo-1716893917077-5b320c1ecfec?fm=jpg&q=60&w=3000&auto=format&fit=crop&ixlib=rb-4.1.0&ixid=M3wxMjA3fDB8MHxzZWFyY2h8MTl8fHNwYSUyMHNlcnZpY2VzfGVufDB8fDB8fHww
20000000-0000-0000-0000-000000000004,Cong ty TNHH Du Lich Thanh Pho,0310000004,"10 Pham Ngu Lao, TP. Ho Chi Minh",https://example.local/licenses/du-lich-thanh-pho.pdf,2025-12-10 09:34:18.18177+00,Dang hoat dong,https://images.unsplash.com/photo-1546069901-ba9599a7e63c?fm=jpg&q=60&w=3000&auto=format&fit=crop&ixlib=rb-4.1.0&ixid=M3wxMjA3fDB8MHxzZWFyY2h8Mnx8Zm9vZHxlbnwwfHwwfHx8MA%3D%3D
2a0f71ae-512d-492c-80c3-53d9180fe5af,Sâu Kid Playground,0327085749,"Tầng 3, Lô 05-06-07 toà ROX Center Goldmark City, 136 Hồ Tùng Mậu, Bắc Từ Liêm, Hà Nội",https://ketoananpha.vn/uploads/images/post/36-moi/Phan-biet-giay-phep-kinh-doanh-va-giay-chung-nhan-dang-ky-doanh-nghiep-03.jpg,2026-08-24 16:04:29+00,Dang hoat dong,//cdn.lifelink.vn/img/c280x280/ADD-Sau-kid-Playground-2_14072026105244.jpg?sign=tEqpkAhovxPH1Wr0VdIsMg
2eb17ab4-16e6-4986-bd50-62f48e311f1c,Công Ty Hoàng Hà EatFood,0399494993,"34 Nguyễn Trãi, Hồ Chí Minh",https://qsbnxxkqosnoomzgjtyp.supabase.co/storage/v1/object/public/partner-documents/licenses/1787663959808_3mh73.jpg,2026-08-25 13:19:22.085938+00,Dang hoat dong,https://qsbnxxkqosnoomzgjtyp.supabase.co/storage/v1/object/public/partner-documents/logos/1787663960754_1gq2vr.png
2eba33b1-96cb-435c-8ed3-e7dd57282fca,kidzooona AEON MALL Tân Phú Celadon,0349426129,"Lô S19, Tầng 2, AEON Mall Tân Phú Celadon, Số 30, Bờ Bao Tân Thắng, Phường Tân Sơn Nhì, Tp.HCM",https://ketoananpha.vn/uploads/images/post/36-moi/Phan-biet-giay-phep-kinh-doanh-va-giay-chung-nhan-dang-ky-doanh-nghiep-03.jpg,2026-08-26 16:27:27+00,Dang hoat dong,//cdn.lifelink.vn/img/c280x280/ADD-Kidzooona-1_06072026154902.jpg?sign=CkR-bMmWjwBEJgipjwQlyQ
32da8e0d-0142-41da-b6b7-172fa52dc131,GIVISTA,0375979427,"Địa điểm tư vấn mua voucher: Tầng 8, Tòa nhà Phương Nam, Số 157 Võ Thị Sáu, Phường 6, Quận 3, TP. HCM",https://ketoananpha.vn/uploads/images/post/36-moi/Phan-biet-giay-phep-kinh-doanh-va-giay-chung-nhan-dang-ky-doanh-nghiep-03.jpg,2026-08-24 16:07:50+00,Dang hoat dong,//cdn.lifelink.vn/img/c280x280/ADD-Moonlit-Harmony-4banh_11082026101508.jpg?sign=-gN17MPFZfnwx7p-_PfCHg
340c7165-90d8-47a1-a7b9-26b7ba056d74,Flyover Starry Sky Art Museum,0373509872,"Tầng 4, Bitexco Financial Tower, số 2 Hải Triều, Phường Bến Nghé, Quận 1, TP. Hồ Chí Minh",https://ketoananpha.vn/uploads/images/post/36-moi/Phan-biet-giay-phep-kinh-doanh-va-giay-chung-nhan-dang-ky-doanh-nghiep-03.jpg,2026-08-26 16:27:27+00,Dang hoat dong,//cdn.lifelink.vn/img/c280x280/1_08052026160130.jpg?sign=SGnQxHjwehQXAlLTHDj60w
36f27a6b-d8a5-4dd7-978f-1c12f16f85f2,kidzooona GO Buôn Ma Thuột,0356200439,"Lô 2S22-B, TTTM Go! Buôn Ma Thuột, Góc đường Nguyễn Thị Định và đường Vành đai Phía Tây, Phường Thành Nhất, Tỉnh Đắk Lắk, Việt Nam",https://ketoananpha.vn/uploads/images/post/36-moi/Phan-biet-giay-phep-kinh-doanh-va-giay-chung-nhan-dang-ky-doanh-nghiep-03.jpg,2026-08-26 16:27:27+00,Dang hoat dong,//cdn.lifelink.vn/img/c280x280/ADD-Kidzooona-3_06072026160832.jpg?sign=KF5EVS8-miOznWH8E82sYw
3d6780db-e3aa-4cca-9f2e-2aa7beb3f0f4,City Sightseeing,0320103472,Quầy kiosk màu đỏ với logo City Sightseeing: vườn hoa 19/8 (đối diện với khách sạn Hilton đường Lê Thánh Tông),https://ketoananpha.vn/uploads/images/post/36-moi/Phan-biet-giay-phep-kinh-doanh-va-giay-chung-nhan-dang-ky-doanh-nghiep-03.jpg,2026-08-26 16:27:27+00,Dang hoat dong,//cdn.lifelink.vn/img/c280x280/ADD-City-Sightseeing-6_15062026112603.jpg?sign=oOuiS1yRdip5tYp1VLen8A
411cf37f-67d3-40a6-89e5-a6a4102e440b,kidzooona AEON MALL Huế,0375467595,"Lô số T401; T433 và T434, Tầng 4, Aeon Mall Huế, Số 08 Đường Võ Nguyên Giáp, Phường An Cựu, Thành phố Huế, Việt Nam",https://ketoananpha.vn/uploads/images/post/36-moi/Phan-biet-giay-phep-kinh-doanh-va-giay-chung-nhan-dang-ky-doanh-nghiep-03.jpg,2026-08-26 16:27:27+00,Dang hoat dong,//cdn.lifelink.vn/img/c280x280/Kidzooona-22_11052026170919.jpg?sign=5EFpiIPSVTNZrJfC7NEPLQ
4372b404-c218-4eb7-bcb6-c1089a94624b,kidzooona AEON MALL Hải Phòng 3F,0347509241,"Lô T347-348, tầng 3, Aeon Mall Hải Phòng Lê Chân, Đ. Hồ Sen Cầu Rào 2, phường An Biên, thành phố Hải Phòng",https://ketoananpha.vn/uploads/images/post/36-moi/Phan-biet-giay-phep-kinh-doanh-va-giay-chung-nhan-dang-ky-doanh-nghiep-03.jpg,2026-08-24 16:04:29+00,Dang hoat dong,//cdn.lifelink.vn/img/c280x280/ADD-kidzooona-Hai-Phong_14072026172432.jpg?sign=mz1ehr85fB7VefDj-6Kg_w
43e1659b-d0ed-44d2-9613-8349a474a02d,Kid's Box Vincom Royal Island Hải Phòng,0341783539,"Lô L3-16, tầng L3, Tòa nhà Vincom Mega Mall Royal Island thuộc lô CCĐT-01, Khu B1, Khu vui chơi giải trí, nhà ở và công viên sinh thái đảo Vũ Yên, Phường Thủy Nguyên, TP. Hải Phòng, VN",https://ketoananpha.vn/uploads/images/post/36-moi/Phan-biet-giay-phep-kinh-doanh-va-giay-chung-nhan-dang-ky-doanh-nghiep-03.jpg,2026-08-26 16:27:27+00,Dang hoat dong,//cdn.lifelink.vn/img/c280x280/ADD-Kidzooona-2_07072026090658.jpg?sign=iZhpYcVAdS5bVfcpVvHDVg
440cc5c3-dbe3-4d65-b735-10b04b2987c3,kidzooona AEON MALL Long Biên,0398242877,"Lô T334-1, tầng 3, Aeon Mall Long Biên, Số 27 đường Cổ Linh, Phường Long Biên, Thành phố Hà Nội, Việt Nam",https://ketoananpha.vn/uploads/images/post/36-moi/Phan-biet-giay-phep-kinh-doanh-va-giay-chung-nhan-dang-ky-doanh-nghiep-03.jpg,2026-08-24 16:04:29+00,Dang hoat dong,//cdn.lifelink.vn/img/c280x280/ADD-Kidzooona-7_06072026163043.jpg?sign=Rx5hKRvQQyz0jnQDCylKwA
45477d5c-d229-4703-81f2-0127045999dd,Du thuyền nhà hàng Benthanh Princess,0363160188,"Địa điểm sử dụng: Cảng Hành khách Tàu biển – Cảng Sài Gòn, số 5 Nguyễn Tất Thành, phường Xóm Chiếu , TP.HCM",https://ketoananpha.vn/uploads/images/post/36-moi/Phan-biet-giay-phep-kinh-doanh-va-giay-chung-nhan-dang-ky-doanh-nghiep-03.jpg,2026-08-26 16:21:40+00,Dang hoat dong,//cdn.lifelink.vn/img/c280x280/ADD-Benthanh-Princess-3_10062026163746.jpg?sign=4rYQYT8t3T0HidSLVifNfA
475e9e4c-4c83-4ef4-9d71-858b2b04dc19,kidzooona Sense City GigaMall,0386215452,"L2-04, Tầng 3,TTTM Giga Mall, 240 - 242 Phạm Văn Đồng, Phường Hiệp Bình, TP.HCM",https://ketoananpha.vn/uploads/images/post/36-moi/Phan-biet-giay-phep-kinh-doanh-va-giay-chung-nhan-dang-ky-doanh-nghiep-03.jpg,2026-08-26 16:27:27+00,Dang hoat dong,//cdn.lifelink.vn/img/c280x280/ADD-Kizooona-9_06072026141545.jpg?sign=0gXuOt5e55f7gqWwPa7tLQ
4bde472f-46d1-4d4a-a3a2-bd1811e00bac,kidzooona Vincom Royal Hà Nội,0337518204,"Lô số B2-R5-27, TTTM Vincom Mega Mall Royal City, 72A Đ. Nguyễn Trãi, Phường Thanh Xuân, Hà Nội",https://ketoananpha.vn/uploads/images/post/36-moi/Phan-biet-giay-phep-kinh-doanh-va-giay-chung-nhan-dang-ky-doanh-nghiep-03.jpg,2026-08-26 16:27:27+00,Dang hoat dong,//cdn.lifelink.vn/img/c280x280/ADD-kizooona-Ha-Noi_01072026112111.jpg?sign=g11oea8IaOkiV4p4-Ak-mQ
52e761b7-5bf4-4538-b8d4-aae58d15d545,Tổ Hợp Khu Vui Chơi KidZania Lotte Mall Tây Hồ,0360652277,"Tầng 5, Trung tâm thương mại Lotte Mall Hà Nội, số 272 đường Võ Chí Công, phường Tây Hồ, thành phố Hà Nội, Việt Nam",https://ketoananpha.vn/uploads/images/post/36-moi/Phan-biet-giay-phep-kinh-doanh-va-giay-chung-nhan-dang-ky-doanh-nghiep-03.jpg,2026-08-26 16:27:27+00,Dang hoat dong,//cdn.lifelink.vn/img/c280x280/KidZania-Ha-Noi-2_15062026110522.jpg?sign=Zv8tU4TbFXPRPHgBILxfsg
56421ca4-8d1a-4538-9b40-26b52c10e6ad,Bảo tàng Làng Chài Xưa,0345995344,"360 Nguyễn Thông, Phú Hài, Phan Thiết, Lâm Đồng",https://ketoananpha.vn/uploads/images/post/36-moi/Phan-biet-giay-phep-kinh-doanh-va-giay-chung-nhan-dang-ky-doanh-nghiep-03.jpg,2026-08-26 16:27:27+00,Dang hoat dong,//cdn.lifelink.vn/img/c280x280/ADD-Bao-tang-nuoc-mam-Lang-Chai-Xua_26052026160455.jpg?sign=rjUxMgh4aGGDZOBqqrqc9w
57300452-7745-419b-90f4-9e8d2a07bc3f,Sân bay Quốc tế Cam Ranh CIAS,0323469876,Địa điểm sử dụng: Phòng chờ The Champ Lounge - Tầng 2 -  Ga quốc nội cảng HKQT Cam Ranh (gần cửa số 6),https://ketoananpha.vn/uploads/images/post/36-moi/Phan-biet-giay-phep-kinh-doanh-va-giay-chung-nhan-dang-ky-doanh-nghiep-03.jpg,2026-08-24 16:10:24+00,Dang hoat dong,//cdn.lifelink.vn/img/c280x280/the-champ-lounge_13052026112143.jpg?sign=f3355DouEEZWGXgYgLed8w
574edd70-5aeb-4afd-9791-8d80828e1550,kidzooona Sense City Cần Thơ,0399883105,"L2-11, Lầu 2; L3-03 và L3-05, Lầu 3, TTTM Sense City Cần Thơ, số 01 Đại Lộ Hòa Bình, Phường Ninh Kiều, Thành phố Cần Thơ, Việt Nam",https://ketoananpha.vn/uploads/images/post/36-moi/Phan-biet-giay-phep-kinh-doanh-va-giay-chung-nhan-dang-ky-doanh-nghiep-03.jpg,2026-08-26 16:27:27+00,Dang hoat dong,//cdn.lifelink.vn/img/c280x280/ADD-Kizooona-11_06072026140348.jpg?sign=LSDL8I1XLAPKDEuCHYD4aw
5936b685-2078-4e39-b00b-cc7eb8549454,Nhà hàng Chay Tầm Vị,0331827552,"50B Phố Châu Long, Phường Ba Đình, Hà Nội",https://ketoananpha.vn/uploads/images/post/36-moi/Phan-biet-giay-phep-kinh-doanh-va-giay-chung-nhan-dang-ky-doanh-nghiep-03.jpg,2026-08-26 16:21:40+00,Dang hoat dong,//cdn.lifelink.vn/img/c280x280/ADD-Chay-Tam-Vi_12082026142301.jpg?sign=5x9dQFK6ItK4PE_RVVSr9g
5b61f219-490e-4265-b3d1-1ba7728af1ea,Tiny kidzooona AEON MALL Long Biên,0377741378,"Lô 3F-1, tầng 3, Aeon Mall Long Biên, Số 27 đường Cổ Linh, Phường Long Biên, Thành phố Hà Nội, Việt Nam",https://ketoananpha.vn/uploads/images/post/36-moi/Phan-biet-giay-phep-kinh-doanh-va-giay-chung-nhan-dang-ky-doanh-nghiep-03.jpg,2026-08-24 16:04:29+00,Dang hoat dong,//cdn.lifelink.vn/img/c280x280/ADD-Kidzooona-1_06072026165845.jpg?sign=i7-Ey0BBpih6FtzHeLkWvg
5c729ab1-749a-46f4-ac2b-b56ab6d53565,Lotteria,0347426586,"250B Lý Chính Thắng, P. 9, Quận 3, Hồ Chí Minh",https://ketoananpha.vn/uploads/images/post/36-moi/Phan-biet-giay-phep-kinh-doanh-va-giay-chung-nhan-dang-ky-doanh-nghiep-03.jpg,2026-08-26 16:21:40+00,Dang hoat dong,//cdn.lifelink.vn/img/c280x280/ADD-Lotteria-Voucher-L-Chicken-Burger_11062026154507.jpg?sign=WUD7Hoo5H9oMiMQQMxE2ig
5f149f7c-2bc3-4730-bcdd-2eb755ee6513,DuYen Cruise,0381950186,"Nhà chờ G55, cảng số 2, Cảng tàu Quốc tế Tuần Châu - Quảng Ninh",https://ketoananpha.vn/uploads/images/post/36-moi/Phan-biet-giay-phep-kinh-doanh-va-giay-chung-nhan-dang-ky-doanh-nghiep-03.jpg,2026-08-24 16:10:24+00,Dang hoat dong,//cdn.lifelink.vn/img/c280x280/Lily-Cruise_27052026143448.jpg?sign=K5f9MTd7cSVawfScSz5Iaw
639f4245-d8ad-4e85-9e70-b2c619fc340e,Saga Kids Playground,0333725037,"Tầng B1, Tòa Capital Place, 29 Liễu Giai, Ba Đình, Hanoi, Vietnam",https://ketoananpha.vn/uploads/images/post/36-moi/Phan-biet-giay-phep-kinh-doanh-va-giay-chung-nhan-dang-ky-doanh-nghiep-03.jpg,2026-08-26 16:27:27+00,Dang hoat dong,//cdn.lifelink.vn/img/c280x280/2_12052026114248.jpg?sign=Wf7zUfkQ-HXt4NXrZ_MYbA
6924b9d8-d647-48dc-b64b-fa3bb3ce73f1,kidzooona LOTTE MART Quận 7,0378055248,"2F-01, Tầng 2, LOTTE MART Quận 7 (SGN), 469 Nguyễn Hữu Thọ, Phường Tân Hưng, TP. HCM",https://ketoananpha.vn/uploads/images/post/36-moi/Phan-biet-giay-phep-kinh-doanh-va-giay-chung-nhan-dang-ky-doanh-nghiep-03.jpg,2026-08-26 16:27:27+00,Dang hoat dong,//cdn.lifelink.vn/img/c280x280/ADD-Kizooona-7_06072026150534.jpg?sign=d6zn0tTcGQPd0UkHYj_WRw
6ad5c5e2-2b9a-4061-af7f-2f963a0f0af6,I.CAN INTERNATIONAL,0342237412,"Số 10 ngõ 102 Trần Phú,Hà Đông, Hà Nội",https://ketoananpha.vn/uploads/images/post/36-moi/Phan-biet-giay-phep-kinh-doanh-va-giay-chung-nhan-dang-ky-doanh-nghiep-03.jpg,2026-08-26 16:21:40+00,Dang hoat dong,//cdn.lifelink.vn/img/c280x280/ADD-Trang-Binh-An_21082026103954.jpg?sign=tPZbZy5LIFs6OXjbrWkciQ
6b5381a9-d1cd-4314-b723-3c36501caa83,Kid's Box AEON Tân An,0386773912,"Lô T212, Tầng 2, TTTM Aeon Tân An, Số 84 tuyến tránh Quốc lộ 1, KP Bình Cư 3 Phường Long An, Tỉnh Tây Ninh, Việt Nam",https://ketoananpha.vn/uploads/images/post/36-moi/Phan-biet-giay-phep-kinh-doanh-va-giay-chung-nhan-dang-ky-doanh-nghiep-03.jpg,2026-08-26 16:27:27+00,Dang hoat dong,//cdn.lifelink.vn/img/c280x280/ADD-Kizooona-1_06072026100209.jpg?sign=gwJ2aZDfltyqn_Pj9_PhgA
754a0d9a-76dc-44da-b228-811892f99e6d,Kid's Box LOTTE MART Vinh,0328339681,"Lô 3F-11, TTTM Lotte Mart, Đại lộ V.I.Lenin, Khối Yên Sơn, Phường Vinh Phú, Tỉnh Nghệ An, Việt Nam",https://ketoananpha.vn/uploads/images/post/36-moi/Phan-biet-giay-phep-kinh-doanh-va-giay-chung-nhan-dang-ky-doanh-nghiep-03.jpg,2026-08-26 16:27:27+00,Dang hoat dong,//cdn.lifelink.vn/img/c280x280/ADD-Kidzooona-4_06072026172549.jpg?sign=Pw9eUnLolHcg4VF7QbsdkA
7a296d86-e092-4453-b4bd-725b169aee4d,kidzooona AEON MALL Hải Phòng 2F,0392496460,"Lô T264, tầng 2, Aeon Mall Hải Phòng Lê Chân, Đ. Hồ Sen Cầu Rào 2, phường An Biên, thành phố Hải Phòng.",https://ketoananpha.vn/uploads/images/post/36-moi/Phan-biet-giay-phep-kinh-doanh-va-giay-chung-nhan-dang-ky-doanh-nghiep-03.jpg,2026-08-24 16:04:29+00,Dang hoat dong,//cdn.lifelink.vn/img/c280x280/ADD-Kidzooona-3_07072026090605.jpg?sign=T1impM_63xbzuvOFOJDPmQ
7a97e6af-ebe1-4e0f-96d1-2873b4810402,TOUR ĐÊM VĂN MIẾU - TINH HOA ĐẠO HỌC,0317771818,"58 P. Quốc Tử Giá , Phường Văn Miếu Quốc Tử Giám, Hà Nội",https://ketoananpha.vn/uploads/images/post/36-moi/Phan-biet-giay-phep-kinh-doanh-va-giay-chung-nhan-dang-ky-doanh-nghiep-03.jpg,2026-08-26 16:27:27+00,Dang hoat dong,//cdn.lifelink.vn/img/c280x280/Tour-dem-Van-Mieu-5_12052026162821.jpg?sign=Bg-IhUEZbq3khtzaTZpn_w
7d113c07-2b54-4007-9045-86a460356306,X space Immersive,0315528468,"Lô B2-R1-06-07-08, Trung tâm thương mại Vincom Mega Mall Royal City, Số 72A đường Nguyễn Trãi, phường Thanh Xuân, Thành phố Hà Nội, Việt Nam",https://ketoananpha.vn/uploads/images/post/36-moi/Phan-biet-giay-phep-kinh-doanh-va-giay-chung-nhan-dang-ky-doanh-nghiep-03.jpg,2026-08-26 16:27:27+00,Dang hoat dong,//cdn.lifelink.vn/img/c280x280/ADD-X-Space-Immersive-5_15062026134420.jpg?sign=OeKSsbJ9i02fbfne53uSyA
830cc29b-7004-4234-8cde-f3d5b7f782f7,Tổ hợp Vui Chơi Giải Trí và Thể Thao Area One,0391120888,"Số 140 Đức Giang, Phường Việt Hưng, Thành Phố Hà Nội",https://ketoananpha.vn/uploads/images/post/36-moi/Phan-biet-giay-phep-kinh-doanh-va-giay-chung-nhan-dang-ky-doanh-nghiep-03.jpg,2026-08-26 16:27:27+00,Dang hoat dong,//cdn.lifelink.vn/img/c280x280/Area-One-Kids-7_15062026104143.jpg?sign=dUFo_pAom5DESzkbvEix2A
875e7575-54d1-47cf-a09b-dca98cddee33,Sâu Kid Playground,0307003116,"Tầng 3, Lô 05-06-07 toà ROX Center Goldmark City, 136 Hồ Tùng Mậu, Bắc Từ Liêm, Hà Nội",https://ketoananpha.vn/uploads/images/post/36-moi/Phan-biet-giay-phep-kinh-doanh-va-giay-chung-nhan-dang-ky-doanh-nghiep-03.jpg,2026-08-26 16:27:27+00,Dang hoat dong,//cdn.lifelink.vn/img/c280x280/ADD-Sau-kid-Playground-2_14072026105244.jpg?sign=tEqpkAhovxPH1Wr0VdIsMg
8b7e72b6-d833-419e-8086-024d6be1b144,kidzooona AEON MALL Hải Phòng 3F,0354571043,"Lô T347-348, tầng 3, Aeon Mall Hải Phòng Lê Chân, Đ. Hồ Sen Cầu Rào 2, phường An Biên, thành phố Hải Phòng",https://ketoananpha.vn/uploads/images/post/36-moi/Phan-biet-giay-phep-kinh-doanh-va-giay-chung-nhan-dang-ky-doanh-nghiep-03.jpg,2026-08-26 16:27:27+00,Dang hoat dong,//cdn.lifelink.vn/img/c280x280/ADD-kidzooona-Hai-Phong_14072026172432.jpg?sign=mz1ehr85fB7VefDj-6Kg_w
8bafce75-fceb-43d7-b301-1d48b9e4de54,AdventureS,0308715653,"Tầng L3, Toà Nam, TTTM Hanoi Centre, 175 Nguyễn Thái Học, P. Ô Chợ Dừa, Hà Nội",https://ketoananpha.vn/uploads/images/post/36-moi/Phan-biet-giay-phep-kinh-doanh-va-giay-chung-nhan-dang-ky-doanh-nghiep-03.jpg,2026-08-26 16:27:27+00,Dang hoat dong,//cdn.lifelink.vn/img/c280x280/AdventureS_09062026095901.jpg?sign=gUjFzdor5WDDmpdBPcWcVw
90743c6c-7cd9-46cb-8a42-b6411091e46e,Show Thực Cảnh Anh Hùng Cờ Lau,0313351166,"Thủy Đình, Phố Cổ Hoa Lư, Ninh Bình",https://ketoananpha.vn/uploads/images/post/36-moi/Phan-biet-giay-phep-kinh-doanh-va-giay-chung-nhan-dang-ky-doanh-nghiep-03.jpg,2026-08-26 16:27:27+00,Dang hoat dong,//cdn.lifelink.vn/img/c280x280/ADD-Anh-hung-co-lau-01_09072026113202.jpg?sign=4KDlzuWYSeA2LeMGvoKmJA
97cc13f3-9e0f-44d3-93a8-d8725e4fab06,I.CAN INTERNATIONAL,0313861648,"Số 10 ngõ 102 Trần Phú,Hà Đông, Hà Nội",https://ketoananpha.vn/uploads/images/post/36-moi/Phan-biet-giay-phep-kinh-doanh-va-giay-chung-nhan-dang-ky-doanh-nghiep-03.jpg,2026-08-24 16:07:50+00,Dang hoat dong,//cdn.lifelink.vn/img/c280x280/ADD-Trang-Binh-An_21082026103954.jpg?sign=tPZbZy5LIFs6OXjbrWkciQ
982c92d0-7f3f-4d5c-9af6-69ff021c5347,Ruby Cruise,0307809070,"Nhà chờ G55, cảng số 2, Cảng tàu Quốc tế Tuần Châu - Quảng Ninh",https://ketoananpha.vn/uploads/images/post/36-moi/Phan-biet-giay-phep-kinh-doanh-va-giay-chung-nhan-dang-ky-doanh-nghiep-03.jpg,2026-08-24 16:10:24+00,Dang hoat dong,//cdn.lifelink.vn/img/c280x280/Ruby-Cruise-1_20052026170653.jpg?sign=8UUtGuXRoUXoBjsTEWINFQ
99ccb042-3d52-4ada-bdff-aa6ee70ac1fb,kidzooona Sora Gardens Bình Dương,0366983261,"Lô số 203, Tầng 2, Tòa nhà Sora Gardens SC, Lô C19, Đại lộ Hùng Vương, Phường Bình Dương, TP.HCM",https://ketoananpha.vn/uploads/images/post/36-moi/Phan-biet-giay-phep-kinh-doanh-va-giay-chung-nhan-dang-ky-doanh-nghiep-03.jpg,2026-08-26 16:27:27+00,Dang hoat dong,//cdn.lifelink.vn/img/c280x280/ADD-Kizooona-12_06072026135049.jpg?sign=lkTuBuXBuhFtqYBynWfIEw
9ee98775-8d3c-4737-8fd2-d53c7ddbbb55,Khu du lịch Thúy Thuận Đà Lạt,0323583778,"Tổ 13, Thôn 1, Phường Cam Ly - Đà Lạt, tỉnh Lâm Đồng",https://ketoananpha.vn/uploads/images/post/36-moi/Phan-biet-giay-phep-kinh-doanh-va-giay-chung-nhan-dang-ky-doanh-nghiep-03.jpg,2026-08-26 16:27:27+00,Dang hoat dong,//cdn.lifelink.vn/img/c280x280/1_11052026153735.jpg?sign=P2ApmAGwK3DTWCrioYfV0Q
a15af6ae-5802-4568-9e30-cf6e238bd336,SEN 20 HÀNG TRE VÀ 72B TRẦN HƯNG ĐẠO,0330675411,"Số 20 Hàng Tre, Phường Lý Thái Tổ, Quận Hoàn Kiếm, Thành phố Hà Nội",https://ketoananpha.vn/uploads/images/post/36-moi/Phan-biet-giay-phep-kinh-doanh-va-giay-chung-nhan-dang-ky-doanh-nghiep-03.jpg,2026-08-24 16:09:44+00,Dang hoat dong,//cdn.lifelink.vn/img/c280x280/Sen-Tai-Thu-14_11052026115055.jpg?sign=rQtoCt2tZprws9CdaSAKpg
aac5368a-3bf3-427f-ab4c-99fca4f00eea,Khu vui chơi B-Zone,0379968011,"Lô L5 - 02 - 04, tầng L5, TTTM Vicom Mega Mall Thảo Điền. Số 161 Võ Nguyên Giáp phường Thảo Điền TP Thủ Đức Hồ Chí Minh",https://ketoananpha.vn/uploads/images/post/36-moi/Phan-biet-giay-phep-kinh-doanh-va-giay-chung-nhan-dang-ky-doanh-nghiep-03.jpg,2026-08-26 16:27:27+00,Dang hoat dong,//cdn.lifelink.vn/img/c280x280/Thao-Diền--3-_11052026161322.jpg?sign=EJlgSBiZDEaOgV3a2rFUrA
ab0eb565-e8ad-4b0e-b2f4-cba3521d0411,bTaskee - Ứng dụng tiện ích gia đình,0377712792,"Địa điểm tư vấn mua Voucher: Tầng 12A Tòa văn phòng - TTTM ROX Tower Goldmark City 136 Hồ Tùng Mậu, Phú Diễn, Hà Nội",https://ketoananpha.vn/uploads/images/post/36-moi/Phan-biet-giay-phep-kinh-doanh-va-giay-chung-nhan-dang-ky-doanh-nghiep-03.jpg,2026-08-24 16:12:55+00,Dang hoat dong,//cdn.lifelink.vn/img/c280x280/ADD-bTaskee_27052026090638.jpg?sign=40od9hV7RZFoZkgJVr5DjA
ab8170c4-b8ee-48e0-b4a3-18a802d354bb,Ccomaya Kids Cafe,0326456571,"Số 9 Đường Số 6, Phường Thảo Điền, Thành phố Thủ Đức, TP.HCM",https://ketoananpha.vn/uploads/images/post/36-moi/Phan-biet-giay-phep-kinh-doanh-va-giay-chung-nhan-dang-ky-doanh-nghiep-03.jpg,2026-08-26 16:27:27+00,Dang hoat dong,//cdn.lifelink.vn/img/c280x280/Ccomaya-Kids-Cafe_08052026102102.jpg?sign=ZdiMJEbjL4NKA26AyzLNzQ
afd47b2f-2348-4a30-8733-0b3ddf8e0d95,LifeLink Gift Card,0331373359,"Tầng 12A Tòa văn phòng - TTTM ROX Tower Goldmark City 136 Hồ Tùng Mậu, phường Phú Diễn, Hà Nội.",https://ketoananpha.vn/uploads/images/post/36-moi/Phan-biet-giay-phep-kinh-doanh-va-giay-chung-nhan-dang-ky-doanh-nghiep-03.jpg,2026-08-26 16:21:40+00,Dang hoat dong,//cdn.lifelink.vn/img/c280x280/backimthaang_11052026142335.jpg?sign=HGhw_BY9OB9aJhLKsN8hTg
afd8448c-69ae-4867-93aa-c579ea459299,Danang Dophilnarium,0322380249,"Khối Quảng Gia, Phường Điện Bàn Đông, TP.Đà Nẵng",https://ketoananpha.vn/uploads/images/post/36-moi/Phan-biet-giay-phep-kinh-doanh-va-giay-chung-nhan-dang-ky-doanh-nghiep-03.jpg,2026-08-26 16:27:27+00,Dang hoat dong,//cdn.lifelink.vn/img/c280x280/ADD-Danang-Dophilnarium_08062026102237.jpg?sign=Hlu6sCu1rB1DZwA0ryoKog
b26f1740-b341-4ff2-8c94-2563aa8a66f7,GIVISTA,0326146198,"Địa điểm tư vấn mua voucher: Tầng 8, Tòa nhà Phương Nam, Số 157 Võ Thị Sáu, Phường 6, Quận 3, TP. HCM",https://ketoananpha.vn/uploads/images/post/36-moi/Phan-biet-giay-phep-kinh-doanh-va-giay-chung-nhan-dang-ky-doanh-nghiep-03.jpg,2026-08-26 16:21:40+00,Dang hoat dong,//cdn.lifelink.vn/img/c280x280/ADD-Du-Nhien-2banh_10082026164655.jpg?sign=Ddc5u33AMICrRNxJuBgKmw
b45bd7b0-c853-42b4-8df6-678e74dcdabf,Airport Connects,0392533230,"Địa điểm tư vấn mua voucher: Số 122 Nguyễn Hoàng, phường Bình Trưng, TP.Hồ Chí Minh",https://ketoananpha.vn/uploads/images/post/36-moi/Phan-biet-giay-phep-kinh-doanh-va-giay-chung-nhan-dang-ky-doanh-nghiep-03.jpg,2026-08-24 16:10:24+00,Dang hoat dong,//cdn.lifelink.vn/img/c280x280/1_14052026091932.jpg?sign=BbYtKahe5EIcHe5iCsRHZQ
b96a40c9-5279-4b15-92cc-14433cb91784,Đài quan sát Lotte Center,0383555809,"54 Liễu Giai, Ba Đình, Hà Nội",https://ketoananpha.vn/uploads/images/post/36-moi/Phan-biet-giay-phep-kinh-doanh-va-giay-chung-nhan-dang-ky-doanh-nghiep-03.jpg,2026-08-26 16:27:27+00,Dang hoat dong,//cdn.lifelink.vn/img/c280x280/9_08052026150905.jpg?sign=YTfZAuW7rN6d9Q3dOZQyEA
bb105ef3-f758-42a1-9186-8c84e2848654,Spicy Box,0388917702,"5F-52 Tầng 5 Crescent Mall, Số 101 Tôn Dật Tiên, Phường Tân Phú, Quận 7, Hồ Chí Minh",https://ketoananpha.vn/uploads/images/post/36-moi/Phan-biet-giay-phep-kinh-doanh-va-giay-chung-nhan-dang-ky-doanh-nghiep-03.jpg,2026-08-26 16:21:40+00,Dang hoat dong,//cdn.lifelink.vn/img/c280x280/Voucher-Buffet-danh-cho-1-nguoi_29072026090558.jpg?sign=ymEvQidr4BZ4Xi2fZc0D7w
be9c629a-73a7-4f3a-ac22-08a886cd24df,kidzooona Hanoi Centre,0373110411,"L2-C10, Tầng 2, Tiến Bộ Plaza, 175 đường Nguyễn Thái Học, Phường Ô Chợ Dừa, TP. Hà Nội",https://ketoananpha.vn/uploads/images/post/36-moi/Phan-biet-giay-phep-kinh-doanh-va-giay-chung-nhan-dang-ky-doanh-nghiep-03.jpg,2026-08-26 16:27:27+00,Dang hoat dong,//cdn.lifelink.vn/img/c280x280/ADD-Kidzooona-6_07072026085006.jpg?sign=uqAO43sJUYhZ-85GUfLmrQ
c4b32ba0-c514-4b61-8df1-f2afdf45b8db,Hệ thống Thẩm mỹ viện Ngọc Dung,0321152664,"392A Nguyễn Thị Thập, P.Tân Quy, Q.7, HCM",https://ketoananpha.vn/uploads/images/post/36-moi/Phan-biet-giay-phep-kinh-doanh-va-giay-chung-nhan-dang-ky-doanh-nghiep-03.jpg,2026-08-24 16:09:44+00,Dang hoat dong,//cdn.lifelink.vn/img/c280x280/ADD-TMV-Ngoc-Dung-1_27052026142721.jpg?sign=kF7mR8MZomN_Dml8rHMXNw
c4b4baf9-845c-4c3d-94ad-b851a15b6984,Tiny kidzooona AEON MALL Long Biên,0359736820,"Lô 3F-1, tầng 3, Aeon Mall Long Biên, Số 27 đường Cổ Linh, Phường Long Biên, Thành phố Hà Nội, Việt Nam",https://ketoananpha.vn/uploads/images/post/36-moi/Phan-biet-giay-phep-kinh-doanh-va-giay-chung-nhan-dang-ky-doanh-nghiep-03.jpg,2026-08-26 16:27:27+00,Dang hoat dong,//cdn.lifelink.vn/img/c280x280/ADD-Kidzooona-1_06072026165845.jpg?sign=i7-Ey0BBpih6FtzHeLkWvg
c57b538e-359a-4a01-a56c-da54a70db1d1,Kid's Box LOTTE MART Vinh,0334595937,"Lô 3F-11, TTTM Lotte Mart, Đại lộ V.I.Lenin, Khối Yên Sơn, Phường Vinh Phú, Tỉnh Nghệ An, Việt Nam",https://ketoananpha.vn/uploads/images/post/36-moi/Phan-biet-giay-phep-kinh-doanh-va-giay-chung-nhan-dang-ky-doanh-nghiep-03.jpg,2026-08-24 16:04:29+00,Dang hoat dong,//cdn.lifelink.vn/img/c280x280/ADD-Kidzooona-4_06072026172549.jpg?sign=Pw9eUnLolHcg4VF7QbsdkA
c5dc445c-fea7-4a5e-823a-41665903d82b,Nhà hàng Shacha Niú,0386283141,"26 Lương Định Của, Phường Kim Liên, Hà Nội",https://ketoananpha.vn/uploads/images/post/36-moi/Phan-biet-giay-phep-kinh-doanh-va-giay-chung-nhan-dang-ky-doanh-nghiep-03.jpg,2026-08-26 16:21:40+00,Dang hoat dong,//cdn.lifelink.vn/img/c280x280/Shacha-Niu-1_08052026103331.jpg?sign=lrIJ6G04tZW_3pIZWe1m3Q
c6d185d3-3b89-4331-85a6-bd718342e9e1,kidzooona GO Buôn Ma Thuột,0309571459,"Lô 2S22-B, TTTM Go! Buôn Ma Thuột, Góc đường Nguyễn Thị Định và đường Vành đai Phía Tây, Phường Thành Nhất, Tỉnh Đắk Lắk, Việt Nam",https://ketoananpha.vn/uploads/images/post/36-moi/Phan-biet-giay-phep-kinh-doanh-va-giay-chung-nhan-dang-ky-doanh-nghiep-03.jpg,2026-08-24 16:04:29+00,Dang hoat dong,//cdn.lifelink.vn/img/c280x280/ADD-Kidzooona-3_06072026160832.jpg?sign=KF5EVS8-miOznWH8E82sYw
c6ea3e6a-f0da-491b-9e4e-94ec591a3e1e,Tàu nhà hàng SAIGON PRINCESS,0349927732,"Cảng Hành khách Tàu biển – Cảng Sài Gòn, số 5 Nguyễn Tất Thành, phường Xóm Chiếu , TP.HCM",https://ketoananpha.vn/uploads/images/post/36-moi/Phan-biet-giay-phep-kinh-doanh-va-giay-chung-nhan-dang-ky-doanh-nghiep-03.jpg,2026-08-26 16:21:40+00,Dang hoat dong,//cdn.lifelink.vn/img/c280x280/ADD-SaiGon-Princess-4_11062026101741.jpg?sign=4NJQl_Ml2-CBO2bcKGDWFg
cd3bcf1f-d91d-4c8e-bfb8-8f6b968a20c1,Công ty Đồ uống Vạn Thinh,0239939932,"56 Nguyễn Văn Cừ, Chợ Quán, Hồ Chí Minh",https://qsbnxxkqosnoomzgjtyp.supabase.co/storage/v1/object/public/partner-documents/licenses/1787728732288_xj08m.jpg,2026-08-26 07:18:54.453069+00,Dang hoat dong,https://qsbnxxkqosnoomzgjtyp.supabase.co/storage/v1/object/public/partner-documents/logos/1787728733292_ru6gbi.jpg
d69ba734-c3f9-4813-be9f-d1d83d7ec45c,kidzooona PARC MALL Quận 8,0387280169,"L3-01, Tầng 3, Trung tâm thương mại PARC MALL Q.8, số 547-549 đường Tạ Quang Bửu, Phường Chánh Hưng, TP.HCM",https://ketoananpha.vn/uploads/images/post/36-moi/Phan-biet-giay-phep-kinh-doanh-va-giay-chung-nhan-dang-ky-doanh-nghiep-03.jpg,2026-08-24 16:04:29+00,Dang hoat dong,//cdn.lifelink.vn/img/c280x280/ADD-Kizooona-6_06072026150831.jpg?sign=ao45DOy-mfl3KWvnCFMjZA
da49801a-ad11-4e33-9dc1-9919589faf11,Nhà hàng Chay Tầm Vị,0346965649,"50B Phố Châu Long, Phường Ba Đình, Hà Nội",https://ketoananpha.vn/uploads/images/post/36-moi/Phan-biet-giay-phep-kinh-doanh-va-giay-chung-nhan-dang-ky-doanh-nghiep-03.jpg,2026-08-24 16:07:50+00,Dang hoat dong,//cdn.lifelink.vn/img/c280x280/ADD-Chay-Tam-Vi_12082026142301.jpg?sign=5x9dQFK6ItK4PE_RVVSr9g
e4147ade-8f13-4bcb-ab88-9a6a864cc632,"Công ty Đồ ăn Hoàng Hà ",0299399922,"23 Nguyễn Trãi, An Đông, Hồ Chí Minh ",https://qsbnxxkqosnoomzgjtyp.supabase.co/storage/v1/object/public/partner-documents/licenses/1787728407901_whbo5f.jpg,2026-08-26 07:13:30.356959+00,Dang hoat dong,https://qsbnxxkqosnoomzgjtyp.supabase.co/storage/v1/object/public/partner-documents/logos/1787728409191_owiswo.png
e4ced7d0-0311-4160-865b-131feaf86078,Cinesphere - Phòng chiếu phim 8K,0316472079,"Tầng 4 Vạn Hạnh Mall, Số 11 Sư Vạn Hạnh, Phường Hòa Hưng, Hồ Chí Minh",https://ketoananpha.vn/uploads/images/post/36-moi/Phan-biet-giay-phep-kinh-doanh-va-giay-chung-nhan-dang-ky-doanh-nghiep-03.jpg,2026-08-26 16:27:27+00,Dang hoat dong,//cdn.lifelink.vn/img/c280x280/Cinesphere-Vạn-Hạnh-Mall--3-_08052026103739.jpg?sign=-ElmbeB4IuQpBeWNuncv9A
e8acc2e0-6d3e-4b9f-8e28-78e11edc73e7,Hệ thống Phòng khám DiaB,0344224527,"Phòng A301 - Tầng 3A - 71 Hoàng Văn Thái, Phường Tân Mỹ, TP.HCM",https://ketoananpha.vn/uploads/images/post/36-moi/Phan-biet-giay-phep-kinh-doanh-va-giay-chung-nhan-dang-ky-doanh-nghiep-03.jpg,2026-08-24 16:09:44+00,Dang hoat dong,//cdn.lifelink.vn/img/c280x280/Voucher-mien-phi-kham_04082026091222.png?sign=sEbiRhkn4QFev_MWIB4hpw
e9359a63-2fa3-43b8-86e2-d3999ca004d2,Tổ Hợp Khu Vui Chơi KidZania Lotte Mall Tây Hồ,0359396447,"Tầng 5, Trung tâm thương mại Lotte Mall Hà Nội, số 272 đường Võ Chí Công, phường Tây Hồ, thành phố Hà Nội, Việt Nam",https://ketoananpha.vn/uploads/images/post/36-moi/Phan-biet-giay-phep-kinh-doanh-va-giay-chung-nhan-dang-ky-doanh-nghiep-03.jpg,2026-08-24 16:04:29+00,Dang hoat dong,//cdn.lifelink.vn/img/c280x280/ADD-KidZania-Ha-Noi-2_21072026171922.jpg?sign=SS-XdJkfzWpgccljfGP79w
e9785604-dd4f-4067-8d07-3396c5af9c34,Aurora Halong Cruises,0340929098,Cảng tàu Quốc tế Hạ Long - Hạ Long - Quảng Ninh,https://ketoananpha.vn/uploads/images/post/36-moi/Phan-biet-giay-phep-kinh-doanh-va-giay-chung-nhan-dang-ky-doanh-nghiep-03.jpg,2026-08-24 16:10:24+00,Dang hoat dong,//cdn.lifelink.vn/img/c280x280/1_27052026115347.jpg?sign=HtSwInTcSNqP17pCCYhpeQ
ec461027-a973-418e-90bf-6dc7e814f027,Life4cuts,0343876484,"The New Playground, 26 Lý Tự Trọng, P. Bến Nghé, Quận 1, Hồ Chí Minh",https://ketoananpha.vn/uploads/images/post/36-moi/Phan-biet-giay-phep-kinh-doanh-va-giay-chung-nhan-dang-ky-doanh-nghiep-03.jpg,2026-08-26 16:27:27+00,Dang hoat dong,//cdn.lifelink.vn/img/c280x280/ADD-Life4cuts_16062026134140.jpg?sign=tLlfeRkL7ep6oHlscT3Wlw
f54ec690-4139-4559-aaf7-e5b447e67f66,HLC Starry Sky Art Museum,0341173834,"Khu B2 -R1-27-28 Vincom Mega Mall, 72A Đ. Nguyễn Trãi, Khu đô thị Royal City, Thanh Xuân, Hà Nội",https://ketoananpha.vn/uploads/images/post/36-moi/Phan-biet-giay-phep-kinh-doanh-va-giay-chung-nhan-dang-ky-doanh-nghiep-03.jpg,2026-08-26 16:27:27+00,Dang hoat dong,//cdn.lifelink.vn/img/c280x280/1_11052026140009.jpg?sign=6sHt8SJd2MQTnDZK_mSY2g
f7d08df4-04db-4d5a-859f-70ccf5e5e2dd,Potico.vn - Hoa & Quà Tặng,0395159178,"Hồ Chí Minh: Số 122 Nguyễn Hoàng, phường Bình Trưng, TP.Hồ Chí Minh",https://ketoananpha.vn/uploads/images/post/36-moi/Phan-biet-giay-phep-kinh-doanh-va-giay-chung-nhan-dang-ky-doanh-nghiep-03.jpg,2026-08-24 16:12:55+00,Dang hoat dong,//cdn.lifelink.vn/img/c280x280/Coupon-giam-100k-cho-don-hang_10062026085836.jpg?sign=m1NqrKCkwBob-Zpybi_RCQ
f8d5b658-8608-425f-89c5-dcaeef0a647e,"Công ty Thức uống Ba Vì ",0928399922,"134 Nguyễn Văn Cừ, Hồ Chí Minh",https://qsbnxxkqosnoomzgjtyp.supabase.co/storage/v1/object/public/partner-documents/licenses/1787734401545_h6vg0h.jpg,2026-08-26 08:53:23.85593+00,Dang hoat dong,https://qsbnxxkqosnoomzgjtyp.supabase.co/storage/v1/object/public/partner-documents/logos/1787734544247_bt4zj.jpg
fd61f2bf-6655-4239-955b-b2ddd14c63c6,Hệ thống Sườn Mười,0360350865,264 Hoàng Văn Thái - Khương Mai- Thanh Xuân - Hà Nội,https://ketoananpha.vn/uploads/images/post/36-moi/Phan-biet-giay-phep-kinh-doanh-va-giay-chung-nhan-dang-ky-doanh-nghiep-03.jpg,2026-08-26 16:21:40+00,Dang hoat dong,//cdn.lifelink.vn/img/c280x280/IMG_20260605_104506_19062026084219.jpg?sign=16yIgD1wUuuaCjtIvTa8AQ