ma_nguoi_dung,ho_ten,email,sdt,ngay_sinh,gioi_tinh,cccd,vai_tro,trang_thai,created_at,ma_chi_nhanh,ma_hsdn
00000000-0000-0000-0000-000000000001,Quan tri vien he thong,admin@ec.local,0900000001,1992-08-20,Nam,079092008888,Admin he thong,Dang hoat dong,2025-07-28 09:34:18.18177+00,,
00000000-0000-0000-0000-000000000002,Nguyen Ngọc Minh Ánh,minhanh@ec.local,0900032101,2002-04-12,Nu,079202000002,Khach hang,Dang hoat dong,2026-01-29 09:34:18.18177+00,,
00000000-0000-0000-0000-000000000003,Tran Thu Ha,thuha@ec.local,0900000003,2001-09-12,Nu,079201000003,Khach hang,Dang hoat dong,2026-03-30 09:34:18.18177+00,,
00000000-0000-0000-0000-000000000004,Le Quoc Bao,quocbao@ec.local,0900000004,2000-06-08,Nam,079200000004,Khach hang,Tam khoa,2026-04-29 09:34:18.18177+00,,
00000000-0000-0000-0000-000000000011,Nguyễn Ngọc Hương Linh,nnhh.amthuc@ec.local,0905600001,1988-08-15,Nu,079023333334,Nguoi dai dien,Dang hoat dong,2025-10-01 09:34:18.18177+00,,20000000-0000-0000-0000-000000000001
00000000-0000-0000-0000-000000000012,Vo Ngoc Lan,manager.amthuc@ec.local,0900666001,1992-07-19,Nu,079092000012,Nhan vien ban hang,Dang hoat dong,2025-10-11 09:34:18.18177+00,2d5617a6-f948-437e-9bd7-ae70f5d7ff61,
00000000-0000-0000-0000-000000000013,Lam Tuan Kiet,staff.nguyenhue@ec.local,0900000013,1998-01-07,Nam,079098000013,Nhan vien ban hang,Dang hoat dong,2025-11-20 09:34:18.18177+00,30000000-0000-0000-0000-000000000004,
00000000-0000-0000-0000-000000000021,Nguyen Thi An,owner.spa@ec.local,0900000021,1987-10-05,Nu,079087000021,Nguoi dai dien,Dang hoat dong,2026-07-08 09:34:18.18177+00,,20000000-0000-0000-0000-000000000002
00000000-0000-0000-0000-000000000031,Truong Van Hung,owner.edu@ec.local,0900000031,1985-05-22,Nam,079085000031,Nguoi dai dien,Dang hoat dong,2026-06-18 09:34:18.18177+00,,20000000-0000-0000-0000-000000000003
00000000-0000-0000-0000-000000000032,Phan Mai Chi,manager.edu@ec.local,0900000032,1991-08-14,Nu,079091000032,Nhan vien quan ly voucher,Dang hoat dong,2026-06-20 09:34:18.18177+00,,20000000-0000-0000-0000-000000000003
00000000-0000-0000-0000-000000000041,Bui Duc Long,owner.travel@ec.local,0900000041,1986-11-30,Nam,079086000041,Nguoi dai dien,Dang hoat dong,2025-11-20 09:34:18.18177+00,,20000000-0000-0000-0000-000000000004
00000000-0000-0000-0000-000000000042,Do Minh Trang,manager.travel@ec.local,0900000042,1993-12-09,Nu,079093000042,Nhan vien quan ly voucher,Tam khoa,2025-11-25 09:34:18.18177+00,,20000000-0000-0000-0000-000000000004
00000000-0000-0000-0000-000000000043,Ngo Hoai Phuong,staff.travel12@ec.local,0900000043,1997-03-26,Nu,079097000043,Nhan vien ban hang,Tam khoa,2025-12-20 09:34:18.18177+00,30000000-0000-0000-0000-000000000002,
00000000-0000-0000-0000-000000000101,Quan tri vien he thong,admin_ht@ec.com,0900000100,1995-01-15,Khac,079095000100,Admin he thong,Dang hoat dong,2026-08-19 13:29:47.092624+00,,
00000000-0000-0000-0000-000000000102,Quan tri vien kiem duyet,admin_kd@ec.com,0900000101,1994-03-20,Nu,079094000101,Admin kiem duyet,Dang hoat dong,2026-08-19 13:29:47.092624+00,,
00000000-0000-0000-0000-000000000103,Quan tri vien van hanh,admin_vh@ec.com,0900000102,1993-07-12,Nam,079093000102,Admin van hang,Dang hoat dong,2026-08-19 13:29:47.092624+00,,
0188041f-b8d9-4c4b-81cc-b1ee671a2cc2,Nguyễn Đức Linh,linh.nguyen3494@gmail.com,0973574387,1985-06-15,Nam,096670913298,Nguoi dai dien,Dang hoat dong,2026-08-24 20:04:58+00,,32da8e0d-0142-41da-b6b7-172fa52dc131
039e3df2-56af-4d27-80eb-25a86fc1ff3d,Đào Hải Nam,nam.dao8599@gmail.com,0986756733,1990-06-15,Nam,068551685748,Nhan vien ban hang,Dang hoat dong,2026-08-25 21:33:23+00,80c192ff-1806-4473-b7e9-b6f8baaf678b,195ea851-59dd-4e70-ad76-71d0ea76db64
044e134a-bcb6-4869-a509-60397737cd6e,Nguyễn Kim Ngân,nkngan23@clc.fitus.edu.vn,0399994949,1990-01-01,Nu,393949949494,Nguoi dai dien,Dang hoat dong,2026-08-25 13:17:06.077142+00,,2eb17ab4-16e6-4986-bd50-62f48e311f1c
04580114-760b-4f19-84e6-09ba51978ac1,Trần Văn Thảo,thao.tran4458@gmail.com,0964211205,1985-06-15,Nu,054551103913,Nguoi dai dien,Dang hoat dong,2026-08-26 16:58:24+00,,340c7165-90d8-47a1-a7b9-26b7ba056d74
04cc6e06-cbc6-44f3-8648-4d1881c67d74,Phạm Đình Long,long.pham1099@gmail.com,0930444045,1991-11-04,Nam,085785965903,Nhan vien quan ly voucher,Dang hoat dong,2026-08-25 21:33:23+00,,15ad6191-778f-4a62-95b2-97a5bdaf18f0
0703d371-4955-4044-975b-eb85e14d49cd,Nguyễn Thành Linh,linh.nguyen2073@gmail.com,0992709781,1985-06-15,Nu,076574766704,Nguoi dai dien,Dang hoat dong,2026-08-26 16:58:24+00,,52e761b7-5bf4-4538-b8d4-aae58d15d545
075647fc-d04c-489e-8170-0c96c79a592a,Trần Phương Tuấn,tuan.tran9890@gmail.com,0913541119,1985-06-15,Nu,009651672004,Nguoi dai dien,Dang hoat dong,2026-08-24 20:04:58+00,,0bb45dbd-d123-48e3-b019-bebbe4939c5d
07f4d1f0-fda1-4db3-b49f-e8569fb0be26,Bùi Quốc Dũng,dung.bui4292@gmail.com,0957156240,2000-07-12,Nam,006495124093,Nhan vien ban hang,Dang hoat dong,2026-08-25 21:33:23+00,6b908e0b-4e9a-4a32-908d-f55fc24f1258,c4b32ba0-c514-4b61-8df1-f2afdf45b8db
083ed0d7-6e91-4f7b-aaf6-6416d35c751c,Bùi Văn Dũng,dung.bui8924@gmail.com,0982296971,1985-06-15,Nu,068787124507,Nguoi dai dien,Dang hoat dong,2026-08-24 20:04:58+00,,e8acc2e0-6d3e-4b9f-8e28-78e11edc73e7
08de529d-0b28-454f-ad6c-63bb21ec0f72,Hoàng Minh Bình,binh.hoang4440@gmail.com,0919157584,1985-06-15,Nam,011287064508,Nguoi dai dien,Dang hoat dong,2026-08-24 20:04:58+00,,15ad6191-778f-4a62-95b2-97a5bdaf18f0
09eb0064-ca3d-4bc1-9b9d-ffc1104ade8a,Võ Cẩm Hà,ha.vo9008@gmail.com,0986960994,1992-03-08,Nu,044718722306,Nhan vien quan ly voucher,Dang hoat dong,2026-08-25 21:33:23+00,,b45bd7b0-c853-42b4-8df6-678e74dcdabf
0b052e89-4234-4302-984f-5df317374e4b,Phạm Minh Thảo,thao.pham8641@gmail.com,0984329800,1985-06-15,Nam,065747616204,Nguoi dai dien,Dang hoat dong,2026-08-24 20:04:58+00,,2a0f71ae-512d-492c-80c3-53d9180fe5af
0c4dac3f-667b-4fdd-8431-be073d14da64,Bùi Ngọc Mai,mai.bui1221@gmail.com,0946334361,1990-07-26,Nu,004498645402,Nhan vien ban hang,Dang hoat dong,2026-08-25 21:33:23+00,935e330a-a7bd-4307-aec3-256f94832085,b45bd7b0-c853-42b4-8df6-678e74dcdabf
0c7bc252-164b-4ac8-bde4-dda9b5ffe2fd,Đặng Hữu Tùng,tung.dang1429@gmail.com,0952077754,1990-10-16,Nam,063597933866,Nhan vien ban hang,Dang hoat dong,2026-08-25 21:33:23+00,038d3a15-f663-4a0f-95b6-18d2d8b67f99,195ea851-59dd-4e70-ad76-71d0ea76db64
0cda2788-378e-4b9d-ace6-32649d91daa9,Trần Hồng Yến,yen.tran6163@gmail.com,0965438817,1995-09-20,Nu,074921078561,Nhan vien ban hang,Dang hoat dong,2026-08-25 21:33:23+00,5250a3e4-7bc7-46f0-bad9-690bc67ba654,b45bd7b0-c853-42b4-8df6-678e74dcdabf
0e0fb427-830b-4e50-bfbe-b40f9ef015b8,Bùi Minh Tuấn,tuan.bui6207@gmail.com,0914842196,1985-06-15,Nam,014619989303,Nguoi dai dien,Dang hoat dong,2026-08-26 16:58:24+00,,c4b4baf9-845c-4c3d-94ad-b851a15b6984
1123deb0-3eea-4b50-bf2b-291b23a18b7c,Phạm Phương Linh,linh.pham5758@gmail.com,0942958619,1985-06-15,Nam,047842400868,Nguoi dai dien,Dang hoat dong,2026-08-26 16:58:24+00,,7d113c07-2b54-4007-9045-86a460356306
11342e9d-d876-41ac-89cf-0e60c948538b,Đào Hồng Tâm,tam.dao6750@gmail.com,0998825660,1995-08-14,Nu,081929908884,Nhan vien ban hang,Dang hoat dong,2026-08-25 21:33:23+00,7c61f905-597a-45d4-9e60-7ae0e1669e51,c4b32ba0-c514-4b61-8df1-f2afdf45b8db
1379f322-faf1-4f07-9a0b-1facc14ecd40,Bùi Đức Hải,hai.bui2163@gmail.com,0980665964,1985-06-15,Nam,091477990343,Nguoi dai dien,Dang hoat dong,2026-08-26 16:58:24+00,,c5dc445c-fea7-4a5e-823a-41665903d82b
1436e5f8-d8ba-4942-9597-0b9055d6a16e,Bùi Văn Dũng,dung.bui1678@gmail.com,0975325775,1985-06-15,Nam,049230453604,Nguoi dai dien,Dang hoat dong,2026-08-24 20:04:58+00,,982c92d0-7f3f-4d5c-9af6-69ff021c5347
1503a61c-e6bf-4fcc-9ad5-419c7c7c62cb,Đinh Như Quyên,quyen.dinh4003@gmail.com,0974724009,1992-06-04,Nu,010598035441,Nhan vien ban hang,Dang hoat dong,2026-08-25 21:33:23+00,0c18e4d3-575b-42d8-aa29-aa0588035623,15ad6191-778f-4a62-95b2-97a5bdaf18f0
154c37f2-0ccb-4a63-8b41-ac438ee4599e,Đặng Hồng Châu,chau.dang8628@gmail.com,0927645986,1994-05-15,Nu,004366327612,Nhan vien quan ly voucher,Dang hoat dong,2026-08-25 21:33:23+00,,c57b538e-359a-4a01-a56c-da54a70db1d1
15672cd1-cbdf-4c11-927c-48ce902d8d1f,Phạm Thành Hải,hai.pham6832@gmail.com,0970863886,1985-06-15,Nam,078363994059,Nguoi dai dien,Dang hoat dong,2026-08-26 16:58:24+00,,411cf37f-67d3-40a6-89e5-a6a4102e440b
17454351-028b-404e-81de-19bbdcb40136,Phạm Thị Mai,mai.pham4973@gmail.com,0972771886,2002-05-08,Nu,077587092682,Nhan vien ban hang,Dang hoat dong,2026-08-25 21:33:23+00,50a22950-f1ae-4a59-963c-e87221c056ce,e8acc2e0-6d3e-4b9f-8e28-78e11edc73e7
1989865c-5bbd-4666-8493-e45962b59f93,Trần Kim Hân,tkhh@gmail.com,0229992191,2001-08-13,Nu,229219399392,Nhan vien quan ly voucher,Dang hoat dong,2026-08-26 08:59:24.747834+00,,f8d5b658-8608-425f-89c5-dcaeef0a647e
1a91f0e7-3158-4c99-8960-f7824809e56f,Đinh Phương Uyên,uyen.dinh7540@gmail.com,0945658568,2001-05-17,Nu,014374088180,Nhan vien ban hang,Dang hoat dong,2026-08-25 21:33:23+00,c043a95b-f062-4ab3-8aea-f920d77b5586,e9359a63-2fa3-43b8-86e2-d3999ca004d2
1aeeef05-a630-483c-a65d-e5792626f7f1,Võ Ngọc Thảo,thao.vo3969@gmail.com,0971394580,1994-08-07,Nu,024970094083,Nhan vien quan ly voucher,Dang hoat dong,2026-08-25 21:33:23+00,,e9785604-dd4f-4067-8d07-3396c5af9c34
1b27cbd8-6de1-42d7-a7d7-a775b8a617c3,Bùi Thanh Hà,ha.bui9045@gmail.com,0995602657,1996-02-27,Nu,038158263929,Nhan vien ban hang,Dang hoat dong,2026-08-25 21:33:23+00,77bf47b1-ea7d-45a8-8011-2c15a52616bf,c4b32ba0-c514-4b61-8df1-f2afdf45b8db
1c177143-3c36-480e-bb92-4fca370a0158,Nguyễn Kim Ngân,itnamemyidol@gmail.com,0399399292,1999-01-26,Nu,029939392933,Nguoi dai dien,Dang hoat dong,2026-08-26 07:11:46.594016+00,,e4147ade-8f13-4bcb-ab88-9a6a864cc632
1d33b93b-1bee-4800-87ac-3facf3cff399,Dương Ngọc Yến,yen.duong5888@gmail.com,0991927407,1998-04-14,Nu,037429896306,Nhan vien ban hang,Dang hoat dong,2026-08-25 21:33:23+00,dae599ce-6e24-4c8b-88a8-e7e2cab68256,57300452-7745-419b-90f4-9e8d2a07bc3f
1d7d2ed6-dc7b-4511-a8f7-55ad7bfdba68,Đặng Thị Tuấn,tuan.dang2797@gmail.com,0908742522,1985-06-15,Nam,025315365532,Nguoi dai dien,Dang hoat dong,2026-08-26 16:58:24+00,,1114dccd-810f-4887-a534-7c2316871312
1de738bf-67f9-47bd-8440-7b9ca88ff068,Đoàn Quang Long,long.doan7865@gmail.com,0972587535,2001-06-28,Nam,059966914876,Nhan vien ban hang,Dang hoat dong,2026-08-25 21:33:23+00,8a5ba525-f70d-448e-b43e-cd2d06c19cc1,b45bd7b0-c853-42b4-8df6-678e74dcdabf
1faa762a-b9da-4f56-a578-7adf6e6242a4,Nguyễn Thị Vy,vy.nguyen9960@gmail.com,0990985382,1996-02-13,Nu,092979948787,Nhan vien quan ly voucher,Dang hoat dong,2026-08-25 21:33:23+00,,57300452-7745-419b-90f4-9e8d2a07bc3f
203d61be-7294-4239-8eb3-b5b4d2e46bde,Hoàng Phương Thảo,thao.hoang2198@gmail.com,0970993749,1985-06-15,Nu,038569370307,Nguoi dai dien,Dang hoat dong,2026-08-24 20:04:58+00,,a15af6ae-5802-4568-9e30-cf6e238bd336
21a2a85f-b77f-41c7-85c0-4d7654af06a8,Đặng Quang Nam,nam.dang9498@gmail.com,0933205315,1997-06-26,Nam,005114668869,Nhan vien ban hang,Dang hoat dong,2026-08-25 21:33:23+00,7f57733d-1884-4193-953b-faa801da146c,c4b32ba0-c514-4b61-8df1-f2afdf45b8db
24905f20-5f6e-4c4c-aba8-159372c9f96b,Đặng Văn Cường,cuong.dang8730@gmail.com,0915036620,1985-06-15,Nam,004989087881,Nguoi dai dien,Dang hoat dong,2026-08-26 16:58:24+00,,99ccb042-3d52-4ada-bdff-aa6ee70ac1fb
25e6be1d-1f40-4234-b804-c561fbf89f2e,Lê Cẩm Trang,trang.le4264@gmail.com,0952902987,1998-09-22,Nu,043385916316,Nhan vien ban hang,Dang hoat dong,2026-08-25 21:33:23+00,4ac4c2af-97b4-4e1a-8906-799dd168729c,4372b404-c218-4eb7-bcb6-c1089a94624b
2818fd27-ceb8-4e26-b633-8343984aa97b,Ngô Như Yến,yen.ngo1567@gmail.com,0915705005,1994-01-24,Nu,044656164936,Nhan vien ban hang,Dang hoat dong,2026-08-25 21:33:23+00,9dc74bdf-32d2-48d8-a09b-44afb8606397,c4b32ba0-c514-4b61-8df1-f2afdf45b8db
28374a5b-535f-4f7c-9cb6-e7e3f35d966c,Nguyễn Khánh Vy,vy.nguyen6450@gmail.com,0908925814,1999-05-01,Nu,034530838896,Nhan vien ban hang,Dang hoat dong,2026-08-25 21:33:23+00,656e341e-280d-408b-b0c4-daddfad429e7,a15af6ae-5802-4568-9e30-cf6e238bd336
29396cc8-0478-43a6-b5fe-e0b9654187db,Nguyễn Phương Hải,hai.nguyen5027@gmail.com,0925215112,1985-06-15,Nam,030720427840,Nguoi dai dien,Dang hoat dong,2026-08-26 16:58:24+00,,b96a40c9-5279-4b15-92cc-14433cb91784
2c71b180-681d-4c98-a8f1-41387b961a22,Phạm Phương Tâm,tam.pham2579@gmail.com,0998905642,2001-11-11,Nu,060507009850,Nhan vien ban hang,Dang hoat dong,2026-08-25 21:33:23+00,ea438d89-21bf-4c6c-a3da-6edcd640a25a,5b61f219-490e-4265-b3d1-1ba7728af1ea
2da4e9f1-f605-4579-b301-f104543cc6cb,Trần Thành Linh,linh.tran4915@gmail.com,0989353159,1985-06-15,Nu,099896710507,Nguoi dai dien,Dang hoat dong,2026-08-26 16:58:24+00,,0d4a8039-c78a-4982-bbbb-0ec73a2ac9bf
30fbd737-0901-49a1-bcfe-c5d3415d72de,Phạm Hồng Vy,vy.pham6223@gmail.com,0920098409,1999-12-03,Nu,000084017397,Nhan vien ban hang,Dang hoat dong,2026-08-25 21:33:23+00,23fa6b3d-0b8c-4789-a3b2-6fea23706eb4,32da8e0d-0142-41da-b6b7-172fa52dc131
32702bb9-17c7-4fc9-9707-89e4a9d678ef,Lê Thành Bình,binh.le1722@gmail.com,0977927125,1985-06-15,Nu,086068761187,Nguoi dai dien,Dang hoat dong,2026-08-24 20:04:58+00,,d69ba734-c3f9-4813-be9f-d1d83d7ec45c
3308bce1-dccd-40b4-96a5-980439989766,Lê Hữu Quân,quan.le1176@gmail.com,0965911686,1995-04-26,Nam,031798794731,Nhan vien ban hang,Dang hoat dong,2026-08-25 21:33:23+00,833dabdd-a07c-40af-bfc0-919f903421ee,b45bd7b0-c853-42b4-8df6-678e74dcdabf
349c64d3-7658-4f1a-8b3b-f0356bb97863,Nguyễn Văn Hải,hai.nguyen8661@gmail.com,0937102436,1985-06-15,Nam,078118947213,Nguoi dai dien,Dang hoat dong,2026-08-26 16:58:24+00,,b26f1740-b341-4ff2-8c94-2563aa8a66f7
3637fd1c-f2ab-462e-8d79-d66f935f96df,Đoàn Văn Long,long.doan2070@gmail.com,0961386223,1999-08-17,Nam,012977931230,Nhan vien ban hang,Dang hoat dong,2026-08-25 21:33:23+00,b47cd926-b9d9-4747-91b7-18cc12d198e6,b45bd7b0-c853-42b4-8df6-678e74dcdabf
38d72583-ac1b-4843-8c83-243464186a4a,Bùi Văn Linh,linh.bui6559@gmail.com,0962359491,1985-06-15,Nam,010743665988,Nguoi dai dien,Dang hoat dong,2026-08-26 16:58:24+00,,43e1659b-d0ed-44d2-9613-8349a474a02d
39420e53-bfda-43c1-8395-32f69f13cb7a,Đào Phương Yến,yen.dao1677@gmail.com,0967632157,1993-01-19,Nu,098489051787,Nhan vien ban hang,Dang hoat dong,2026-08-25 21:33:23+00,3d90d84b-d204-4513-b8de-f5d33bb39b8e,7a296d86-e092-4453-b4bd-725b169aee4d
3a08991e-7528-4f25-aaff-eee2ed6805fb,Đặng Thành Hải,hai.dang4500@gmail.com,0955230882,1985-06-15,Nam,082602806854,Nguoi dai dien,Dang hoat dong,2026-08-24 20:04:58+00,,da49801a-ad11-4e33-9dc1-9919589faf11
3be8187e-3185-4e63-996d-c79c6b4cc2f1,Bùi Thành Tuấn,tuan.bui6901@gmail.com,0956130254,1985-06-15,Nam,051985740000,Nguoi dai dien,Dang hoat dong,2026-08-26 16:58:24+00,,2eba33b1-96cb-435c-8ed3-e7dd57282fca
3c6c0974-2f43-4f68-9454-9fdf902b0827,Nguyễn Thành Bình,binh.nguyen9943@gmail.com,0957768372,1985-06-15,Nam,009088113209,Nguoi dai dien,Dang hoat dong,2026-08-26 16:58:24+00,,875e7575-54d1-47cf-a09b-dca98cddee33
3cc7e521-792b-45ef-b904-88893ce20ef3,Bùi Thành Cường,cuong.bui1498@gmail.com,0934830648,1985-06-15,Nu,025859485018,Nguoi dai dien,Dang hoat dong,2026-08-26 16:58:24+00,,754a0d9a-76dc-44da-b228-811892f99e6d
3d6191ed-1014-4f0f-99d1-58fa2ab583e8,Võ Như Nhi,nhi.vo1084@gmail.com,0982658283,1994-06-06,Nu,069077815915,Nhan vien quan ly voucher,Dang hoat dong,2026-08-25 21:33:23+00,,0f44c4e9-2b55-4a43-88c8-e51bc848ab1a
405ac7c4-7800-4404-aef0-c606cef62610,Hoàng Đức Vĩnh,vinh.hoang8486@gmail.com,0954302328,1994-08-25,Nam,086490920585,Nhan vien ban hang,Dang hoat dong,2026-08-25 21:33:23+00,88d9c6c7-5a90-4349-b6ce-7434fba39f54,b45bd7b0-c853-42b4-8df6-678e74dcdabf
43a2c02b-ac16-4232-96fe-17b57c778e90,Nguyễn Thị B,staff_btaskee@ec.com,0786857395,1990-03-06,Nu,473902478590,Nhan vien quan ly voucher,Dang hoat dong,2026-08-25 13:45:48.092137+00,,ab0eb565-e8ad-4b0e-b2f4-cba3521d0411
443dc692-79d9-441c-9439-40bdfefde659,Dương Văn Nam,nam.duong1528@gmail.com,0996195970,2002-03-27,Nam,079439086310,Nhan vien ban hang,Dang hoat dong,2026-08-25 21:33:23+00,b06d0a13-2307-468f-85bd-cea2627dc564,e9785604-dd4f-4067-8d07-3396c5af9c34
4486be54-6325-4eba-99f5-ffc872ba1a0a,Bùi Đức An,an.bui6112@gmail.com,0927127949,1985-06-15,Nam,092953845552,Nguoi dai dien,Dang hoat dong,2026-08-26 16:58:24+00,,6ad5c5e2-2b9a-4061-af7f-2f963a0f0af6
44e9e917-448b-4996-9e3b-f3ebbfdcfa0c,Trần Cẩm Anh,anh.tran4685@gmail.com,0906927993,1991-04-16,Nu,004407653139,Nhan vien ban hang,Dang hoat dong,2026-08-25 21:33:23+00,54942b07-4261-4a98-8faa-493d3806019b,e8acc2e0-6d3e-4b9f-8e28-78e11edc73e7
46628948-30c9-47e2-9419-ba7d4dd5af78,Huỳnh Thị Uyên,uyen.huynh6221@gmail.com,0921180668,1997-06-22,Nu,030087768577,Nhan vien ban hang,Dang hoat dong,2026-08-25 21:33:23+00,c8a89575-0f9c-487c-a580-b4851ba1ab0c,f7d08df4-04db-4d5a-859f-70ccf5e5e2dd
4843de3a-26b8-425d-92e8-6cbb2332b3ac,Vũ Minh Hải,hai.vu4679@gmail.com,0980873792,1985-06-15,Nam,028751716189,Nguoi dai dien,Dang hoat dong,2026-08-26 16:58:24+00,,5936b685-2078-4e39-b00b-cc7eb8549454
48c201c6-69ef-4694-bf77-7f4901b091c4,Đặng Phương Tuấn,tuan.dang2485@gmail.com,0903708535,1985-06-15,Nam,044519579409,Nguoi dai dien,Dang hoat dong,2026-08-26 16:58:24+00,,ab8170c4-b8ee-48e0-b4a3-18a802d354bb
4c1f963b-74b5-4981-9597-413df7dfec3b,Lê Tuấn Nam,nam.le2103@gmail.com,0900049437,1998-12-14,Nam,068158815989,Nhan vien ban hang,Dang hoat dong,2026-08-25 21:33:23+00,22caa03e-7df4-4a60-a6c2-9db1a2d25a47,c4b32ba0-c514-4b61-8df1-f2afdf45b8db
4f248181-3648-4d36-93f5-b81f2d8d7bcf,Lê Quang Bình,binh.le3652@gmail.com,0900258554,1985-06-15,Nam,016442740030,Nguoi dai dien,Dang hoat dong,2026-08-26 16:58:24+00,,90743c6c-7cd9-46cb-8a42-b6411091e46e
513421ae-3f06-47f2-91e8-c6d1981c291e,Hoàng Thị Dũng,dung.hoang9313@gmail.com,0944026529,1985-06-15,Nu,083483147374,Nguoi dai dien,Dang hoat dong,2026-08-24 20:04:58+00,,5f149f7c-2bc3-4730-bcdd-2eb755ee6513
513c5679-19cc-4b59-a145-6ed7827048f9,Bùi Như Mai,mai.bui9130@gmail.com,0986459930,1997-07-28,Nu,067610468484,Nhan vien ban hang,Dang hoat dong,2026-08-25 21:33:23+00,c220ea31-ca4e-467a-9721-4d7655dabcf8,c4b32ba0-c514-4b61-8df1-f2afdf45b8db
518d193c-057a-4f49-ab8f-c3bc39a93b17,Đào Hữu Cường,cuong.dao7404@gmail.com,0908447533,2002-05-17,Nam,099256403784,Nhan vien ban hang,Dang hoat dong,2026-08-25 21:33:23+00,cd2c959c-72c2-4667-9436-646981ed6324,440cc5c3-dbe3-4d65-b735-10b04b2987c3
5293299c-2e9e-4ccb-8f67-7e8e970f5f41,Ngô Cẩm Linh,linh.ngo2436@gmail.com,0916895422,1991-07-07,Nu,026332264370,Nhan vien ban hang,Dang hoat dong,2026-08-25 21:33:23+00,421b7b56-9b97-4aeb-af7b-3f2ab91b61e1,c4b32ba0-c514-4b61-8df1-f2afdf45b8db
5367824f-e76f-421f-b9a6-c8b11ac21b04,Trần Văn Linh,linh.tran6571@gmail.com,0979505345,1985-06-15,Nam,049935296627,Nguoi dai dien,Dang hoat dong,2026-08-24 20:04:58+00,,e9785604-dd4f-4067-8d07-3396c5af9c34
53e09844-1d6e-472b-bd1d-1dd79b246a18,Trần Tuấn Khôi,khoi.tran1655@gmail.com,0967958443,1994-10-15,Nam,078778387446,Nhan vien ban hang,Dang hoat dong,2026-08-25 21:33:23+00,543385d1-3599-4573-9f75-177ee3aed3b3,c4b32ba0-c514-4b61-8df1-f2afdf45b8db
544a6457-9c41-485b-a671-31a0fc4d2c6e,Trần Minh Dũng,dung.tran5373@gmail.com,0923527863,1985-06-15,Nam,078663690521,Nguoi dai dien,Dang hoat dong,2026-08-26 16:58:24+00,,475e9e4c-4c83-4ef4-9d71-858b2b04dc19
55086c43-020e-42e8-aa9a-0b3f0f266ffa,Lê Phương Hà,ha.le5410@gmail.com,0926938145,2002-02-22,Nu,035392542210,Nhan vien ban hang,Dang hoat dong,2026-08-25 21:33:23+00,13853bf1-f776-4309-9bf5-a8c1162b59bd,d69ba734-c3f9-4813-be9f-d1d83d7ec45c
55c8b2d8-9031-4b83-871f-ca5e4ffe23c5,Dương Ngọc Mai,mai.duong3345@gmail.com,0972600650,1996-10-16,Nu,073116086588,Nhan vien ban hang,Dang hoat dong,2026-08-25 21:33:23+00,1b611a6a-c9e1-438b-be51-01358f202b2f,982c92d0-7f3f-4d5c-9af6-69ff021c5347
57d6dc8f-a4a5-45f3-a7e6-217610f7dbe3,Nguyễn Thị Tuấn,tuan.nguyen8026@gmail.com,0985963602,1985-06-15,Nu,071549446859,Nguoi dai dien,Dang hoat dong,2026-08-26 16:58:24+00,,180c5646-2a62-489d-8685-a93a8c7201e6
598bb9cf-b248-42f0-a241-1d7ee94c7c9f,Hoàng Đức Bình,binh.hoang8466@gmail.com,0950885212,1985-06-15,Nam,097186202064,Nguoi dai dien,Dang hoat dong,2026-08-26 16:58:24+00,,e4ced7d0-0311-4160-865b-131feaf86078
599831b2-e62a-45f4-bdea-d5801eb6351b,Hồ Minh Khang,khang.ho1614@gmail.com,0962076649,2000-01-28,Nam,036037735169,Nhan vien ban hang,Dang hoat dong,2026-08-25 21:33:23+00,42617154-118b-4427-bbec-4ce3436c022a,b45bd7b0-c853-42b4-8df6-678e74dcdabf
5b3969c7-9244-44fa-9137-e3d79eacbdc0,Hoàng Thị Linh,linh.hoang9443@gmail.com,0965441989,1985-06-15,Nam,059635992065,Nguoi dai dien,Dang hoat dong,2026-08-26 16:58:24+00,,f54ec690-4139-4559-aaf7-e5b447e67f66
5d930700-432b-4e62-8b06-dddf15da14c3,Bùi Thị An,an.bui4913@gmail.com,0966231462,1985-06-15,Nam,050406467275,Nguoi dai dien,Dang hoat dong,2026-08-26 16:58:24+00,,bb105ef3-f758-42a1-9186-8c84e2848654
5ee9fd73-be7e-40fc-8913-0c67cf709926,Phạm Quang Tuấn,tuan.pham3307@gmail.com,0900466911,1985-06-15,Nu,081303068262,Nguoi dai dien,Dang hoat dong,2026-08-26 16:58:24+00,,830cc29b-7004-4234-8cde-f3d5b7f782f7
632d9da9-e8d5-4d9e-ab9c-3f0f57f533ab,Đỗ Văn Dũng,dung.do5091@gmail.com,0982603168,2001-01-24,Nam,096765355194,Nhan vien ban hang,Dang hoat dong,2026-08-25 21:33:23+00,aee99873-c94d-45c1-a952-0b038e24d5d6,b45bd7b0-c853-42b4-8df6-678e74dcdabf
636cc116-06fc-46ce-aa3b-af835f0b9542,Nguyễn Kim Ánh,ngkim205@gmail.com,0293939393,2005-08-06,Nu,,Khach hang,Dang hoat dong,2026-08-26 07:02:04.501443+00,,
639c2d93-a5f4-47d9-a929-6f60f5d1c1b0,Lê Văn Tuấn,tuan.le1838@gmail.com,0992299118,1985-06-15,Nu,028281714357,Nguoi dai dien,Dang hoat dong,2026-08-24 20:04:58+00,,c6d185d3-3b89-4331-85a6-bd718342e9e1
66218bf8-b703-4f68-995c-bb9800410b27,Đặng Phương Bình,binh.dang4806@gmail.com,0932049711,1985-06-15,Nam,013197301572,Nguoi dai dien,Dang hoat dong,2026-08-26 16:58:24+00,,4bde472f-46d1-4d4a-a3a2-bd1811e00bac
6630c58b-7d07-4917-92d4-fb227a59b0f1,Đặng Quang Dũng,dung.dang9906@gmail.com,0967443259,1985-06-15,Nu,034116898483,Nguoi dai dien,Dang hoat dong,2026-08-26 16:58:24+00,,afd47b2f-2348-4a30-8733-0b3ddf8e0d95
688ff765-c952-4e0e-a729-d2a0ecd8cf3d,Hồ Ngọc Tâm,tam.ho7152@gmail.com,0919887625,1999-06-19,Nu,005228263209,Nhan vien quan ly voucher,Dang hoat dong,2026-08-25 21:33:23+00,,1c515879-c33a-4175-af65-f74c5034ca13
68b9019f-4066-4f95-9285-793071cf1f50,Lý Đình Khôi,khoi.ly1141@gmail.com,0915253760,1993-06-04,Nam,032720175576,Nhan vien ban hang,Dang hoat dong,2026-08-25 21:33:23+00,99cd1020-4eec-42a8-8596-0f89081f268c,c57b538e-359a-4a01-a56c-da54a70db1d1
6bb307cb-a73a-40ec-a242-6719d2f2689c,Nguyễn Ngọc Linh Nhi,nnln@gmail.com,0292929299,2007-08-26,Nu,202992929212,Nhan vien ban hang,Dang hoat dong,2026-08-26 09:00:07.063178+00,95e8893d-8ef0-4d5b-96c1-f1d41d06907a,
6bcd3fcd-82af-4b75-860f-6f884f15d0e5,Trần Như Nhi,nhi.tran8146@gmail.com,0945479017,1998-02-11,Nu,043278070829,Nhan vien ban hang,Dang hoat dong,2026-08-25 21:33:23+00,dff77033-6f65-43ea-8119-fd47d31e27dc,c4b32ba0-c514-4b61-8df1-f2afdf45b8db
6ca87db3-a64f-4844-8dde-2eb06b185c79,Lý Thái Cường,cuong.ly6161@gmail.com,0901964982,1990-03-22,Nam,076879334125,Nhan vien ban hang,Dang hoat dong,2026-08-25 21:33:23+00,3a7e5109-9181-4569-a55b-a3fc20e27fe6,c4b32ba0-c514-4b61-8df1-f2afdf45b8db
6e152219-bd54-48b3-9b0d-4221eb95e834,Huỳnh Khánh Uyên,uyen.huynh8347@gmail.com,0908500527,2002-08-11,Nu,047044116469,Nhan vien ban hang,Dang hoat dong,2026-08-25 21:33:23+00,d41fc263-11be-4e59-83e6-e37ed4315d50,c4b32ba0-c514-4b61-8df1-f2afdf45b8db
70b95723-cc56-451d-9bdf-b16fc6e8506f,Phạm Thị An,an.pham3640@gmail.com,0985601671,1985-06-15,Nam,016474067437,Nguoi dai dien,Dang hoat dong,2026-08-26 16:58:24+00,,17edb2e9-7f44-465f-8b11-8f2d6a6596b6
70c472bd-2b79-42ab-8f7a-acf29df724e2,Ngô Quang An,an.ngo1806@gmail.com,0990867725,1993-06-02,Nam,019031512283,Nhan vien ban hang,Dang hoat dong,2026-08-25 21:33:23+00,c7883925-d148-476e-8599-3c4ed3b1beb8,c4b32ba0-c514-4b61-8df1-f2afdf45b8db
7220708d-8f5e-49e8-adba-d01277869a3b,Lê Thành Hải,hai.le9750@gmail.com,0949466162,1985-06-15,Nu,096439510848,Nguoi dai dien,Dang hoat dong,2026-08-24 20:04:58+00,,ab0eb565-e8ad-4b0e-b2f4-cba3521d0411
7240d0b7-1206-44f1-92c1-7f8fb3aebadc,Dương Đức An,an.duong3575@gmail.com,0939753291,1999-06-12,Nam,096291334136,Nhan vien ban hang,Dang hoat dong,2026-08-25 21:33:23+00,3550c5e1-45e1-4d90-89ec-34966e2dd7b9,c4b32ba0-c514-4b61-8df1-f2afdf45b8db
73efaf1f-b14e-47c2-8305-b37e2c33fbbe,Vũ Thái An,an.vu6106@gmail.com,0988520167,1997-05-15,Nam,081623076385,Nhan vien ban hang,Dang hoat dong,2026-08-25 21:33:23+00,64afa405-be95-4b21-903c-cb0151b03ba0,195ea851-59dd-4e70-ad76-71d0ea76db64
782e1437-0d6d-411f-8416-413a2171d0f3,Bùi Thành Linh,linh.bui5758@gmail.com,0962571441,1985-06-15,Nam,087259150665,Nguoi dai dien,Dang hoat dong,2026-08-26 16:58:24+00,,be9c629a-73a7-4f3a-ac22-08a886cd24df
785a1830-49ba-4d69-b0a6-dbf1ad69dbe7,Phạm Quốc Long,long.pham3622@gmail.com,0922668819,1994-08-02,Nam,062079672910,Nhan vien ban hang,Dang hoat dong,2026-08-25 21:33:23+00,62db2bfa-3a21-4dfd-88ae-55204b8c8db0,c4b32ba0-c514-4b61-8df1-f2afdf45b8db
798ffe35-cf66-49cc-9ddf-a7032ce0cad9,Huỳnh Thái Tùng,tung.huynh2023@gmail.com,0955918352,1991-08-11,Nam,044320105830,Nhan vien quan ly voucher,Dang hoat dong,2026-08-25 21:33:23+00,,ab0eb565-e8ad-4b0e-b2f4-cba3521d0411
7a5bf4a3-935c-4caa-8388-5f98aaf58727,Bùi Quốc Khang,khang.bui8665@gmail.com,0967787298,1990-04-15,Nam,074982464080,Nhan vien quan ly voucher,Dang hoat dong,2026-08-25 21:33:23+00,,c6d185d3-3b89-4331-85a6-bd718342e9e1
7be0de4b-a8e8-4a07-8a79-7f4c49a38fd6,Hoàng Thanh Nhi,nhi.hoang3414@gmail.com,0980104354,1991-10-16,Nu,081007583787,Nhan vien quan ly voucher,Dang hoat dong,2026-08-25 21:33:23+00,,e8acc2e0-6d3e-4b9f-8e28-78e11edc73e7
7d327a64-d5f7-4141-8c95-8b2e95ce66da,Phạm Thanh Hà,ha.pham8306@gmail.com,0960832346,1993-05-14,Nu,057413144571,Nhan vien ban hang,Dang hoat dong,2026-08-25 21:33:23+00,9c678f71-bbdb-479c-a1b9-fe0c116dc8ad,b45bd7b0-c853-42b4-8df6-678e74dcdabf
7e442038-290b-4c6f-842d-b672b1672b26,Lý Minh Nam,nam.ly9685@gmail.com,0918623280,1990-01-07,Nam,050231249618,Nhan vien ban hang,Dang hoat dong,2026-08-25 21:33:23+00,bc5de1e2-5077-4c0f-93c6-824ee2e8d0b5,c4b32ba0-c514-4b61-8df1-f2afdf45b8db
7ea47cd9-a0f5-4eb8-81a6-d7fb7df7be76,Nguyễn Ngọc Linh,nnl1@gmail.com,3093939939,2004-07-29,Nu,202389120390,Nhan vien quan ly voucher,Dang hoat dong,2026-08-25 09:21:29.323461+00,,5f149f7c-2bc3-4730-bcdd-2eb755ee6513
801bc0f7-f795-4df0-be64-fe0e0809945d,Đặng Hồng Linh,linh.dang9890@gmail.com,0999856978,1990-04-22,Nu,097445480749,Nhan vien quan ly voucher,Dang hoat dong,2026-08-25 21:33:23+00,,1f6d328f-c0b0-4676-b4f7-29935641dcea
83548d01-4f86-4f7c-bcb2-dd74b4f3b8e0,Vũ Thành Thảo,thao.vu4229@gmail.com,0950090772,1985-06-15,Nu,022324457064,Nguoi dai dien,Dang hoat dong,2026-08-24 20:04:58+00,,f7d08df4-04db-4d5a-859f-70ccf5e5e2dd
83f80934-6d30-49d1-b41c-e0d055ffc7dd,Huỳnh Thanh Nhi,nhi.huynh3599@gmail.com,0982357961,1996-09-22,Nu,004724949793,Nhan vien quan ly voucher,Dang hoat dong,2026-08-25 21:33:23+00,,f7d08df4-04db-4d5a-859f-70ccf5e5e2dd
8407edf1-3a5c-4bbf-8c9b-ea4a85440111,Phạm Thành Bình,binh.pham9537@gmail.com,0977778393,1985-06-15,Nu,052822882042,Nguoi dai dien,Dang hoat dong,2026-08-26 16:58:24+00,,017c6501-d818-4a3a-8f74-e9aba4552abf
877a4093-6f18-4ebf-bfa8-463562bf14f8,Đặng Thảo Anh,anh.dang4433@gmail.com,0955466111,1999-12-28,Nu,009643630063,Nhan vien quan ly voucher,Dang hoat dong,2026-08-25 21:33:23+00,,d69ba734-c3f9-4813-be9f-d1d83d7ec45c
88c55507-e035-4caa-83c9-eecde2352340,Lê Hữu Long,long.le9332@gmail.com,0930861544,1992-05-22,Nam,059395671827,Nhan vien ban hang,Dang hoat dong,2026-08-25 21:33:23+00,8ad58563-6e4c-4e8b-acc8-1ba9aeaff128,5f149f7c-2bc3-4730-bcdd-2eb755ee6513
890704a3-ebab-40c7-873c-158ed5e9fb1b,Bùi Hải Phúc,phuc.bui1713@gmail.com,0929263636,1992-04-15,Nam,021500918625,Nhan vien ban hang,Dang hoat dong,2026-08-25 21:33:23+00,58bb7b68-cc5a-4de4-8c0b-52be3801b5f9,c4b32ba0-c514-4b61-8df1-f2afdf45b8db
89186dff-8662-402e-9713-64946334f54b,Lý Bảo Hương,huong.ly3493@gmail.com,0939704749,1997-02-23,Nu,015636018892,Nhan vien ban hang,Dang hoat dong,2026-08-25 21:33:23+00,d295daa0-c3e6-4398-9c45-9f53792f5e18,195ea851-59dd-4e70-ad76-71d0ea76db64
89a2e416-5565-4a85-b42d-23d8f541136c,Hồ Hữu Long,long.ho8267@gmail.com,0931661105,2000-03-20,Nam,031882546705,Nhan vien ban hang,Dang hoat dong,2026-08-25 21:33:23+00,b4dc9b09-3ad8-4f76-ad21-7553390cda6e,c4b32ba0-c514-4b61-8df1-f2afdf45b8db
89ee3540-2e81-4982-95b2-8db0d9746135,Hồ Đức Hải,hai.ho4523@gmail.com,0929295983,1997-11-13,Nam,097994892371,Nhan vien ban hang,Dang hoat dong,2026-08-25 21:33:23+00,6254b323-5a50-4b9d-97b8-c4d50371d70d,b45bd7b0-c853-42b4-8df6-678e74dcdabf
8acf532f-adc2-4808-85db-52928255be4f,Phạm Minh Hải,hai.pham7796@gmail.com,0996105839,1985-06-15,Nam,042908839029,Nguoi dai dien,Dang hoat dong,2026-08-26 16:58:24+00,,02ae4d77-f3d1-49eb-8e47-3c162db99f22
8b3af03f-98c8-454d-b7da-9087df2da68e,Phạm Bảo Thảo,thao.pham6201@gmail.com,0906317587,1990-12-20,Nu,024042972576,Nhan vien ban hang,Dang hoat dong,2026-08-25 21:33:23+00,b1f3da2e-5496-446f-906d-ee7e0b81770a,c4b32ba0-c514-4b61-8df1-f2afdf45b8db
8c283415-73e3-4b37-8c9b-07510384605d,Nguyễn Kim Ngân,itnamemyidol11@gmail.com,0939929292,2001-01-01,Nu,029993992922,Nguoi dai dien,Dang hoat dong,2026-08-26 08:51:36.660719+00,,f8d5b658-8608-425f-89c5-dcaeef0a647e
8c2928a1-c37d-47ad-985a-c4aa60ec260a,Dương Minh Sơn,son.duong9936@gmail.com,0927886317,1992-04-11,Nam,067218709406,Nhan vien quan ly voucher,Dang hoat dong,2026-08-25 21:33:23+00,,a15af6ae-5802-4568-9e30-cf6e238bd336
8de4488d-e5c7-43fb-b30d-71d3a10ae663,Lê Đức Hải,hai.le9891@gmail.com,0957978004,1985-06-15,Nam,004327237360,Nguoi dai dien,Dang hoat dong,2026-08-26 16:58:24+00,,8bafce75-fceb-43d7-b301-1d48b9e4de54
8fbb2a98-fbc8-4c56-928f-0fdcae91f37a,Hồ Phương Châu,chau.ho2979@gmail.com,0935007097,1995-05-28,Nu,075772767271,Nhan vien quan ly voucher,Dang hoat dong,2026-08-25 21:33:23+00,,5f149f7c-2bc3-4730-bcdd-2eb755ee6513
91f4004f-64a5-4a19-bae3-2151a18f4e30,Trần Ngọc Mai,mai.tran8414@gmail.com,0942181124,2000-11-26,Nu,015143423159,Nhan vien quan ly voucher,Dang hoat dong,2026-08-25 21:33:23+00,,da49801a-ad11-4e33-9dc1-9919589faf11
92808f6d-a316-4e49-ae5b-236778dd9f58,Lý Phương Quyên,quyen.ly9869@gmail.com,0977010328,1990-09-28,Nu,064053443395,Nhan vien ban hang,Dang hoat dong,2026-08-25 21:33:23+00,b01bbe8f-c041-4305-901c-ce6d71c3977a,97cc13f3-9e0f-44d3-93a8-d8725e4fab06
9455723b-0ed7-42dd-9353-9de1f6b001c2,Trần Thị Linh,linh.tran9260@gmail.com,0984899842,1985-06-15,Nam,005439184609,Nguoi dai dien,Dang hoat dong,2026-08-24 20:04:58+00,,4372b404-c218-4eb7-bcb6-c1089a94624b
9457762a-f1f5-457b-9d8c-a8b779d75379,Trần Phương Tuấn,tuan.tran7951@gmail.com,0923283964,1985-06-15,Nu,074919689434,Nguoi dai dien,Dang hoat dong,2026-08-26 16:58:24+00,,fd61f2bf-6655-4239-955b-b2ddd14c63c6
94c3eaf1-8ca2-4b43-b2b4-5e7ae3918ab9,Bùi Đức An,an.bui4941@gmail.com,0937470731,1985-06-15,Nu,061759444582,Nguoi dai dien,Dang hoat dong,2026-08-26 16:58:24+00,,afd8448c-69ae-4867-93aa-c579ea459299
94f30a42-5d52-4c3f-b26c-d6b3ee0b5bf5,Đinh Quang Tuấn,tuan.dinh8706@gmail.com,0913873257,2002-08-13,Nam,015161018721,Nhan vien ban hang,Dang hoat dong,2026-08-25 21:33:23+00,4c793256-9529-4596-a0ea-52b4eb9c691d,ab0eb565-e8ad-4b0e-b2f4-cba3521d0411
957135a0-2b0a-4766-b92a-3cc6f0058e77,Vũ Đức Tùng,tung.vu7112@gmail.com,0989424504,1993-03-28,Nam,025557638123,Nhan vien ban hang,Dang hoat dong,2026-08-25 21:33:23+00,4385a7ab-71bd-4e38-be6f-020bd45e9e83,1f6d328f-c0b0-4676-b4f7-29935641dcea
97bbe54f-518c-4fbb-8cab-f38150c1d67b,Ngô Hữu Tuấn,tuan.ngo1258@gmail.com,0973712839,1996-04-10,Nam,021292291818,Nhan vien ban hang,Dang hoat dong,2026-08-25 21:33:23+00,a9364e8e-1560-4bf4-b0a4-55185a5b2591,b45bd7b0-c853-42b4-8df6-678e74dcdabf
98c24425-82a2-4c57-a3bc-00981460242b,Bùi Đức Linh,linh.bui9335@gmail.com,0946033816,1985-06-15,Nam,036619113214,Nguoi dai dien,Dang hoat dong,2026-08-26 16:58:24+00,,0d804bcb-be7f-4d9b-a8a9-8c5e951da97a
9a276c1e-97c5-4696-a152-3068fafc5459,Bùi Quang Tuấn,tuan.bui3089@gmail.com,0916004075,1985-06-15,Nu,003159691238,Nguoi dai dien,Dang hoat dong,2026-08-26 16:58:24+00,,aac5368a-3bf3-427f-ab4c-99fca4f00eea
9e9dd056-43e7-4424-afa6-90d0d9d96c2e,Trần Thành Tuấn,tuan.tran2142@gmail.com,0934877945,1985-06-15,Nam,001928650278,Nguoi dai dien,Dang hoat dong,2026-08-26 16:58:24+00,,36f27a6b-d8a5-4dd7-978f-1c12f16f85f2
9ff07306-5769-4d11-b6a4-b51376bbdcae,Phạm Quang An,an.pham7090@gmail.com,0982678545,1985-06-15,Nu,052581375414,Nguoi dai dien,Dang hoat dong,2026-08-24 20:04:58+00,,57300452-7745-419b-90f4-9e8d2a07bc3f
a229ccf5-dacb-4cf4-b86b-b87f387d3e65,Bùi Quang Hải,hai.bui8004@gmail.com,0917797348,1985-06-15,Nu,015230165422,Nguoi dai dien,Dang hoat dong,2026-08-26 16:58:24+00,,c6ea3e6a-f0da-491b-9e4e-94ec591a3e1e
a272714e-0737-4fd8-8f5f-b46ebd430927,Đinh Tuấn Phúc,phuc.dinh8142@gmail.com,0948660904,1998-07-02,Nam,088076748725,Nhan vien ban hang,Dang hoat dong,2026-08-25 21:33:23+00,bf5113ae-8d82-4bd1-9370-3be8c97f45c3,da49801a-ad11-4e33-9dc1-9919589faf11
a77a7e3a-d5db-4ccc-b6f2-a242c1866870,Đỗ Quốc Long,long.do6426@gmail.com,0921442464,1995-10-12,Nam,067972118241,Nhan vien quan ly voucher,Dang hoat dong,2026-08-25 21:33:23+00,,195ea851-59dd-4e70-ad76-71d0ea76db64
a7d8472b-83d7-4dcc-8865-d84691b8b0e1,Vũ Quang Linh,linh.vu7873@gmail.com,0964952489,1985-06-15,Nam,017293468292,Nguoi dai dien,Dang hoat dong,2026-08-24 20:04:58+00,,7a296d86-e092-4453-b4bd-725b169aee4d
a94334bc-3c66-4b35-a134-7a3c4bce1b3d,Vũ Thị Uyên,uyen.vu1992@gmail.com,0928489541,2000-09-13,Nu,046286723047,Nhan vien ban hang,Dang hoat dong,2026-08-25 21:33:23+00,ea457754-0a9a-4170-82a4-10c904e104c1,b45bd7b0-c853-42b4-8df6-678e74dcdabf
a943aaee-a722-4a95-b184-c6a569335157,Vũ Thị An,an.vu9081@gmail.com,0980956243,1985-06-15,Nam,082150329516,Nguoi dai dien,Dang hoat dong,2026-08-24 20:04:58+00,,c4b32ba0-c514-4b61-8df1-f2afdf45b8db
a9c2494a-e42c-42c0-ad25-8a1c0bcad38d,Đặng Hải Sơn,son.dang5140@gmail.com,0902320652,1993-04-10,Nam,051005704160,Nhan vien ban hang,Dang hoat dong,2026-08-25 21:33:23+00,0c363009-a091-4f2f-857a-a1ca92edd207,5f149f7c-2bc3-4730-bcdd-2eb755ee6513
a9f84f39-ae9b-4cd7-986b-908a36eb0377,Hoàng Thành Hải,hai.hoang6284@gmail.com,0957740063,1985-06-15,Nam,019040462020,Nguoi dai dien,Dang hoat dong,2026-08-26 16:58:24+00,,6b5381a9-d1cd-4314-b723-3c36501caa83
aa0f78c3-48ec-46a7-9e03-14cbcf3b81fe,Bùi Văn Quân,quan.bui3956@gmail.com,0943542474,1998-07-19,Nam,098844881006,Nhan vien ban hang,Dang hoat dong,2026-08-25 21:33:23+00,5dff71ab-b046-4fb0-b948-45f563a32592,b45bd7b0-c853-42b4-8df6-678e74dcdabf
af76b884-b70b-4a56-952a-8e662cc9d95b,Võ Minh Quân,quan.vo3977@gmail.com,0937799247,1992-08-08,Nam,095878087719,Nhan vien ban hang,Dang hoat dong,2026-08-25 21:33:23+00,a6483cb2-b3f1-45c1-a47b-49b28f4c5383,c4b32ba0-c514-4b61-8df1-f2afdf45b8db
afb91e0e-aaea-494e-91c0-c925d5e7545e,Võ Đình Khôi,khoi.vo1860@gmail.com,0975260097,1995-08-05,Nam,082648159298,Nhan vien ban hang,Dang hoat dong,2026-08-25 21:33:23+00,9cb249b9-8a3a-42ca-9f32-b2a2677d5202,c6d185d3-3b89-4331-85a6-bd718342e9e1
aff9069f-9721-4318-8ebd-982fd7e259bd,Nguyễn Quốc Dũng,dung.nguyen3569@gmail.com,0903010976,1993-07-06,Nam,085535072352,Nhan vien ban hang,Dang hoat dong,2026-08-25 21:33:23+00,1d224a41-2eb4-4db0-a8e4-14bdb8c45051,b45bd7b0-c853-42b4-8df6-678e74dcdabf
b08c7903-b2e1-44fe-b4fa-4a8800481932,Phạm Ngọc Anh,anh.pham1508@gmail.com,0974406962,1998-01-25,Nu,070164057303,Nhan vien quan ly voucher,Dang hoat dong,2026-08-25 21:33:23+00,,2a0f71ae-512d-492c-80c3-53d9180fe5af
b16cec6e-c3a8-433c-b508-9f286bfab4e9,Vũ Minh Thảo,thao.vu2917@gmail.com,0926485142,1985-06-15,Nam,036896330027,Nguoi dai dien,Dang hoat dong,2026-08-24 20:04:58+00,,0f44c4e9-2b55-4a43-88c8-e51bc848ab1a
b30e002a-e387-410b-b927-18bb92f36772,Trần Minh Linh,linh.tran6380@gmail.com,0962353572,1985-06-15,Nam,097691110622,Nguoi dai dien,Dang hoat dong,2026-08-26 16:58:24+00,,9ee98775-8d3c-4737-8fd2-d53c7ddbbb55
b363c6b3-1732-48b3-8a8c-8c90c642f88b,Đoàn Thảo Châu,chau.doan2865@gmail.com,0943747045,2000-04-08,Nu,074255111477,Nhan vien quan ly voucher,Dang hoat dong,2026-08-25 21:33:23+00,,4372b404-c218-4eb7-bcb6-c1089a94624b
b4d80f49-87cb-412a-a55c-7626b1b32eb5,Vũ Thanh Nhi,nhi.vu9363@gmail.com,0970141355,1994-09-05,Nu,095518210387,Nhan vien ban hang,Dang hoat dong,2026-08-25 21:33:23+00,f7d719ee-6eac-4ffe-bfdd-2bd1a758a588,57300452-7745-419b-90f4-9e8d2a07bc3f
b531ad8d-504e-4c3e-9dd7-1c3cf4fdc23c,Lê Thái Bình,binh.le8396@gmail.com,0966006570,2000-03-17,Nam,070757069747,Nhan vien ban hang,Dang hoat dong,2026-08-25 21:33:23+00,96037528-a8e4-44d9-86e3-687b23ceb193,c4b32ba0-c514-4b61-8df1-f2afdf45b8db
b7821643-586a-45e0-ae0e-b79b01e70f6e,Hồ Cẩm Hương,huong.ho1270@gmail.com,0941381299,2002-12-17,Nu,058264953029,Nhan vien ban hang,Dang hoat dong,2026-08-25 21:33:23+00,af3d771a-93f6-4757-a8e8-26bc5a3d4d52,0f44c4e9-2b55-4a43-88c8-e51bc848ab1a
b9a46e5e-8f07-4348-b26a-ebf52b28ec24,Vũ Minh Linh,linh.vu9380@gmail.com,0905948932,1985-06-15,Nu,002135520013,Nguoi dai dien,Dang hoat dong,2026-08-26 16:58:24+00,,3d6780db-e3aa-4cca-9f2e-2aa7beb3f0f4
ba0f8580-8c85-426c-89f5-40dbbc3816e7,Đặng Thị Linh,linh.dang8450@gmail.com,0937037092,1985-06-15,Nam,014572839835,Nguoi dai dien,Dang hoat dong,2026-08-26 16:58:24+00,,639f4245-d8ad-4e85-9e70-b2c619fc340e
bf169f4c-48c7-4ce6-ae86-ff6374d34d84,Nguyễn Đức Linh,linh.nguyen9882@gmail.com,0931391505,1985-06-15,Nam,008714656269,Nguoi dai dien,Dang hoat dong,2026-08-24 20:04:58+00,,c57b538e-359a-4a01-a56c-da54a70db1d1
bf250224-0460-499c-b474-bed965238786,Ngô Hồng Vy,vy.ngo5477@gmail.com,0910388254,1994-08-06,Nu,002740192887,Nhan vien ban hang,Dang hoat dong,2026-08-25 21:33:23+00,168a25a0-24c7-44a4-a996-6f3f9fc86738,ab0eb565-e8ad-4b0e-b2f4-cba3521d0411
bf51d534-f442-4830-bb07-178ffe6b4f38,Đặng Đức Linh,linh.dang1605@gmail.com,0905456348,1985-06-15,Nu,083796031672,Nguoi dai dien,Dang hoat dong,2026-08-26 16:58:24+00,,09648f1b-81a9-42ff-9795-d0928a52d8d2
c0b4ff57-fa09-4085-adb9-9ccb7ac15f0e,Lê Đức Hải,hai.le8259@gmail.com,0942452709,1985-06-15,Nam,072707265819,Nguoi dai dien,Dang hoat dong,2026-08-26 16:58:24+00,,ec461027-a973-418e-90bf-6dc7e814f027
c1651bd3-32a8-4ec3-8722-18bf71587e3f,Trần Minh Dũng,dung.tran5434@gmail.com,0998882986,1985-06-15,Nam,020604985778,Nguoi dai dien,Dang hoat dong,2026-08-26 16:58:24+00,,8b7e72b6-d833-419e-8086-024d6be1b144
c185122f-81e0-44dc-b149-3af46521a2c7,Đặng Đình Khang,khang.dang1693@gmail.com,0974310228,2001-07-20,Nam,073461059498,Nhan vien quan ly voucher,Dang hoat dong,2026-08-25 21:33:23+00,,97cc13f3-9e0f-44d3-93a8-d8725e4fab06
c246a2ce-0e9a-4b09-b824-a47bce0161a4,Nguyễn Kim Ngân,arimalie555@gmail.com,0988393929,1999-01-12,Nu,029993993939,Nguoi dai dien,Dang hoat dong,2026-08-26 07:17:09.819927+00,,cd3bcf1f-d91d-4c8e-bfb8-8f6b968a20c1
c3a9675c-59ee-47dc-ae46-496d9fc13f4a,Huỳnh Bảo Trang,trang.huynh5836@gmail.com,0978105092,2001-08-11,Nu,016453717684,Nhan vien ban hang,Dang hoat dong,2026-08-25 21:33:23+00,ba8df534-7d17-4696-95b9-c486281560b0,b45bd7b0-c853-42b4-8df6-678e74dcdabf
c4374b06-27c6-4539-a641-8faba09d8e7b,Lê Phương Bình,binh.le5420@gmail.com,0949646516,1985-06-15,Nu,097446339990,Nguoi dai dien,Dang hoat dong,2026-08-24 20:04:58+00,,1c515879-c33a-4175-af65-f74c5034ca13
c478f2ba-3826-4070-8b41-a291e87e3ccc,Bùi Cẩm Uyên,uyen.bui9108@gmail.com,0952878687,1997-07-05,Nu,046159549961,Nhan vien ban hang,Dang hoat dong,2026-08-25 21:33:23+00,5c734a85-77ca-4b26-aa6f-0c763f527ad5,32da8e0d-0142-41da-b6b7-172fa52dc131
c4ad9fd0-a215-4ae4-afeb-716156e4e601,Đinh Hữu Tuấn,tuan.dinh4920@gmail.com,0911889070,1995-01-21,Nam,071206035170,Nhan vien quan ly voucher,Dang hoat dong,2026-08-25 21:33:23+00,,32da8e0d-0142-41da-b6b7-172fa52dc131
c54a7705-baef-4ac6-b96b-d50338941831,Hoàng Thành Tuấn,tuan.hoang9163@gmail.com,0958752831,1985-06-15,Nam,019989781236,Nguoi dai dien,Dang hoat dong,2026-08-24 20:04:58+00,,5b61f219-490e-4265-b3d1-1ba7728af1ea
c6412fdd-04bc-4ca1-8c6c-06892ebf4360,Phạm Hữu Nam,nam.pham7874@gmail.com,0952373617,1991-01-02,Nam,020913602734,Nhan vien ban hang,Dang hoat dong,2026-08-25 21:33:23+00,139f3108-4a76-4985-b6a8-9a9ec138a789,195ea851-59dd-4e70-ad76-71d0ea76db64
c6498120-dab6-4521-a47b-95b54be81fdc,Lê Khánh Hà,ha.le4729@gmail.com,0991913642,1994-03-16,Nu,082965150842,Nhan vien quan ly voucher,Dang hoat dong,2026-08-25 21:33:23+00,,0bb45dbd-d123-48e3-b019-bebbe4939c5d
c6efcd01-bce3-42f5-a159-5feec8896623,Trần Hải Sơn,son.tran1389@gmail.com,0935499531,2002-09-04,Nam,077642149573,Nhan vien ban hang,Dang hoat dong,2026-08-25 21:33:23+00,61c7ad52-a1ff-4446-80fd-3a8b4ac66381,f7d08df4-04db-4d5a-859f-70ccf5e5e2dd
c865221c-fc44-43cc-9eef-f064a59cab7e,Trần Kim Anh,tkaa@gmail.com,0299399292,2005-08-14,Nu,202393992999,Nhan vien ban hang,Dang hoat dong,2026-08-26 07:22:28.763981+00,c3a458c4-3ccb-4e3c-8b26-f132961f73a9,
c889244d-0497-4ea0-aa41-4caf654f83d6,mytran1854,mytran1854@gmail.com,,,,,Khach hang,Dang hoat dong,2026-08-26 03:07:57.223814+00,,
cb6b9894-89af-4811-8492-95cf32e715e7,Phạm Đức Linh,linh.pham2556@gmail.com,0915580462,1985-06-15,Nu,082457360340,Nguoi dai dien,Dang hoat dong,2026-08-26 16:58:24+00,,0f285aa1-2503-410e-b1c9-15b8ab7235e4
cc30fac8-7967-44f3-b48c-638e9c574341,Đoàn Cẩm Hương,huong.doan9002@gmail.com,0941092647,1993-09-17,Nu,009221087691,Nhan vien quan ly voucher,Dang hoat dong,2026-08-25 21:33:23+00,,440cc5c3-dbe3-4d65-b735-10b04b2987c3
ccf9a5de-bac4-4c92-928e-3c308c98ca54,Lê Đức Linh,linh.le1827@gmail.com,0914844421,1985-06-15,Nu,005114048256,Nguoi dai dien,Dang hoat dong,2026-08-26 16:58:24+00,,5c729ab1-749a-46f4-ac2b-b56ab6d53565
cf50c40b-608f-4986-979b-1c69aa3e839f,Trần Đình Bình,binh.tran6894@gmail.com,0980270137,1997-11-21,Nam,023420749624,Nhan vien ban hang,Dang hoat dong,2026-08-25 21:33:23+00,707c001c-c440-4b4c-9717-e789750eda65,c4b32ba0-c514-4b61-8df1-f2afdf45b8db
cf8b2fc6-05eb-4b90-a808-7ee377ebbaeb,Lý Minh Bình,binh.ly1125@gmail.com,0939112819,1998-10-17,Nam,062611374964,Nhan vien quan ly voucher,Dang hoat dong,2026-08-25 21:33:23+00,,5b61f219-490e-4265-b3d1-1ba7728af1ea
d1644885-eaa8-40b1-80e6-438f86c3fcdd,Bùi Minh Tuấn,tuan.bui6431@gmail.com,0908952897,1992-04-01,Nam,041140909920,Nhan vien ban hang,Dang hoat dong,2026-08-25 21:33:23+00,89d80f0c-3920-459b-aeb4-486e4dd8dac1,a15af6ae-5802-4568-9e30-cf6e238bd336
d5a7373f-5c38-420d-ae3e-e6786193f22d,Võ Ngọc Hà,ha.vo2105@gmail.com,0970654726,1992-07-07,Nu,031811287181,Nhan vien ban hang,Dang hoat dong,2026-08-25 21:33:23+00,f79636f0-5446-4045-9584-2b995f6fb5ae,195ea851-59dd-4e70-ad76-71d0ea76db64
d7c42982-edc0-42bd-81dc-23babdd32142,Ngô Phương Quyên,quyen.ngo3908@gmail.com,0952473875,1993-02-13,Nu,089297556746,Nhan vien quan ly voucher,Dang hoat dong,2026-08-25 21:33:23+00,,982c92d0-7f3f-4d5c-9af6-69ff021c5347
d90366c9-7c1b-4939-9848-6522cdf0ddf4,Đặng Khánh Hương,huong.dang8754@gmail.com,0919322768,1991-05-24,Nu,022852756353,Nhan vien ban hang,Dang hoat dong,2026-08-25 21:33:23+00,32c0d1f9-40a5-4191-a7f8-5124c4657c54,e8acc2e0-6d3e-4b9f-8e28-78e11edc73e7
d968c59f-f4b8-47ec-b239-05d1a6f56709,Dương Quang Khôi,khoi.duong4632@gmail.com,0994046126,1992-01-04,Nam,031435876757,Nhan vien ban hang,Dang hoat dong,2026-08-25 21:33:23+00,c8395dd8-e715-4bd4-ba7b-263661a1a0d9,b45bd7b0-c853-42b4-8df6-678e74dcdabf
d98468cf-202d-4186-9787-d4aab8d5526d,Hoàng Minh An,an.hoang3521@gmail.com,0985955522,1985-06-15,Nam,013250760583,Nguoi dai dien,Dang hoat dong,2026-08-24 20:04:58+00,,440cc5c3-dbe3-4d65-b735-10b04b2987c3
dadc4b61-1e59-4c7b-a94c-502514ce03eb,Vũ Phương Thảo,thao.vu8071@gmail.com,0965926085,1985-06-15,Nam,052467954493,Nguoi dai dien,Dang hoat dong,2026-08-26 16:58:24+00,,7a97e6af-ebe1-4e0f-96d1-2873b4810402
dcc4a3c4-cb4b-4b27-9a40-8bc11ccf6da2,Vũ Thảo Hương,huong.vu3066@gmail.com,0931913011,1998-04-15,Nu,043614299530,Nhan vien ban hang,Dang hoat dong,2026-08-25 21:33:23+00,d87c0f54-bbff-433f-883c-c647344f7398,c4b32ba0-c514-4b61-8df1-f2afdf45b8db
deb31eeb-ebf7-497e-8d9f-1c3cd1f5d079,Hoàng Thành Tuấn,tuan.hoang5422@gmail.com,0930817948,1985-06-15,Nam,059649926885,Nguoi dai dien,Dang hoat dong,2026-08-26 16:58:24+00,,6924b9d8-d647-48dc-b64b-fa3bb3ce73f1
deca96e2-80f8-47be-9715-b12063d3e6b1,Trần Như Uyên,uyen.tran1398@gmail.com,0950899407,1991-06-25,Nu,021257645178,Nhan vien ban hang,Dang hoat dong,2026-08-25 21:33:23+00,d9421e95-5779-475c-8f4b-c0e7402ea26a,c4b32ba0-c514-4b61-8df1-f2afdf45b8db
dee9a747-2912-424f-a2c1-3b81be9ad33b,Huỳnh Phương Yến,yen.huynh2776@gmail.com,0983999160,1998-06-24,Nu,079170071780,Nhan vien quan ly voucher,Dang hoat dong,2026-08-25 21:33:23+00,,c4b32ba0-c514-4b61-8df1-f2afdf45b8db
df1f8e88-e8f2-49fc-89df-bac0a5e060d2,Phạm Ngọc Uyên,uyen.pham7634@gmail.com,0960015036,1999-08-05,Nu,023218559368,Nhan vien ban hang,Dang hoat dong,2026-08-25 21:33:23+00,bd1a7fce-0295-45ee-b4ef-d256b8b14573,57300452-7745-419b-90f4-9e8d2a07bc3f
dfde95e2-f7d3-4c56-bb48-2654916c6ba9,Đặng Đức An,an.dang9751@gmail.com,0901042563,1985-06-15,Nu,081904145955,Nguoi dai dien,Dang hoat dong,2026-08-26 16:58:24+00,,574edd70-5aeb-4afd-9791-8d80828e1550
e23cfe1a-d387-4de0-aa3f-34a321934bc0,Dương Hữu Cường,cuong.duong5337@gmail.com,0963279515,1997-10-11,Nam,078957990114,Nhan vien ban hang,Dang hoat dong,2026-08-25 21:33:23+00,f842ec56-5095-49d4-9e6a-4107fbdc1ef1,e8acc2e0-6d3e-4b9f-8e28-78e11edc73e7
e3e954b6-499b-4818-9ca8-32b7f791ea5b,Võ Ngọc Châu,chau.vo9623@gmail.com,0992077547,1991-02-24,Nu,091819961761,Nhan vien quan ly voucher,Dang hoat dong,2026-08-25 21:33:23+00,,7a296d86-e092-4453-b4bd-725b169aee4d
e41544d9-fb4e-4ea8-90b1-546befba9283,Võ Văn Phúc,phuc.vo4127@gmail.com,0995263469,1991-12-08,Nam,027348653977,Nhan vien ban hang,Dang hoat dong,2026-08-25 21:33:23+00,2daf1ab0-ccc9-4c8e-9074-46482bfed73d,0bb45dbd-d123-48e3-b019-bebbe4939c5d
e50eaf1f-9a82-4a5d-b2c3-97e3437d272c,Lê Đức Thảo,thao.le3362@gmail.com,0932700811,1985-06-15,Nam,081041383971,Nguoi dai dien,Dang hoat dong,2026-08-24 20:04:58+00,,195ea851-59dd-4e70-ad76-71d0ea76db64
e52a271a-2019-44fe-b090-aa6a420f1983,Nguyễn Kim Ngọc,nknn@gmail.com,0993999223,1999-08-14,Nu,203829929332,Nhan vien quan ly voucher,Dang hoat dong,2026-08-26 07:21:41.170163+00,,cd3bcf1f-d91d-4c8e-bfb8-8f6b968a20c1
e5978c25-6c03-4e52-9d0f-b74bc3f735e2,Đặng Thành Hải,hai.dang4447@gmail.com,0989673747,1985-06-15,Nu,014233627081,Nguoi dai dien,Dang hoat dong,2026-08-24 20:04:58+00,,97cc13f3-9e0f-44d3-93a8-d8725e4fab06
e6fbf2ec-5edc-4e96-8351-9dab589da2d2,Đoàn Thảo Tâm,tam.doan6696@gmail.com,0907146039,2002-06-28,Nu,075167663804,Nhan vien ban hang,Dang hoat dong,2026-08-25 21:33:23+00,01505b30-8de8-4884-ba49-a263b5edbb76,c4b32ba0-c514-4b61-8df1-f2afdf45b8db
e71b72f0-1b3e-43b3-8a1b-06bf393203ab,Huỳnh Hữu Sơn,son.huynh7686@gmail.com,0936135115,1994-03-07,Nam,042024102262,Nhan vien ban hang,Dang hoat dong,2026-08-25 21:33:23+00,67d99e9d-67db-4a66-b6b0-ee2fb1bd5b16,2a0f71ae-512d-492c-80c3-53d9180fe5af
e8849bc2-97fb-42f8-91a8-46a8d7a3e1ad,Nguyễn Minh Tuấn,tuan.nguyen6862@gmail.com,0953392664,1991-06-03,Nam,091252211673,Nhan vien quan ly voucher,Dang hoat dong,2026-08-25 21:33:23+00,,e9359a63-2fa3-43b8-86e2-d3999ca004d2
e8bb944b-7bc4-4968-8145-2036e800a25a,Lê Thành Tuấn,tuan.le3418@gmail.com,0980319674,1985-06-15,Nam,027922893550,Nguoi dai dien,Dang hoat dong,2026-08-26 16:58:24+00,,56421ca4-8d1a-4538-9b40-26b52c10e6ad
e98ba094-f8f8-41c2-9d47-af77595b0fd9,Đào Thanh Yến,yen.dao8610@gmail.com,0957405860,1998-09-14,Nu,066437510083,Nhan vien ban hang,Dang hoat dong,2026-08-25 21:33:23+00,908e6544-7bb0-498e-83d0-58eb663232a6,c4b32ba0-c514-4b61-8df1-f2afdf45b8db
eb916262-744f-40e5-9632-df459811c577,Mỹ Duyên,mt123@gmail.com,0786848704,2005-01-05,Nu,,Khach hang,Dang hoat dong,2026-08-25 13:21:46.496166+00,,
ef179d81-cbe6-4e12-9a28-c56561d4c871,Trần Bảo Vy,vy.tran1079@gmail.com,0986820091,1999-05-02,Nu,055510625156,Nhan vien ban hang,Dang hoat dong,2026-08-25 21:33:23+00,a4dbb326-7e5a-4516-abde-8a7cde3a1c02,c4b32ba0-c514-4b61-8df1-f2afdf45b8db
f1b02fdd-9196-4509-ba71-34ba2e6fc0c4,Nguyễn Minh Tuấn,tuan.nguyen5816@gmail.com,0973219152,1985-06-15,Nam,098899033816,Nguoi dai dien,Dang hoat dong,2026-08-24 20:04:58+00,,b45bd7b0-c853-42b4-8df6-678e74dcdabf
f53533be-e47e-4723-9c2f-979cee487b27,Trần Minh Cường,cuong.tran8896@gmail.com,0970578316,1985-06-15,Nu,033799917355,Nguoi dai dien,Dang hoat dong,2026-08-26 16:58:24+00,,06235d7c-859a-4f48-aa73-af143c47e39d
f7e24d17-0aa1-4b93-92f5-3288a03c493d,nttmy23,nttmy23@clc.fitus.edu.vn,,,,,Khach hang,Dang hoat dong,2026-08-25 19:05:28.941072+00,,
f824c05a-ce7d-48f7-af13-67e1436ce9ec,Hoàng Thành An,an.hoang1444@gmail.com,0909557267,1985-06-15,Nam,021838760250,Nguoi dai dien,Dang hoat dong,2026-08-24 20:04:58+00,,1f6d328f-c0b0-4676-b4f7-29935641dcea
f892fb19-aaab-4b16-8634-20048cd21b8a,Đặng Thị Hải,hai.dang3101@gmail.com,0965049702,1985-06-15,Nu,099181859636,Nguoi dai dien,Dang hoat dong,2026-08-26 16:58:24+00,,45477d5c-d229-4703-81f2-0127045999dd
faaf0e88-9cdb-4a0a-94cb-51019565970e,Đỗ Đình An,an.do2155@gmail.com,0956954117,2002-03-25,Nam,091222541047,Nhan vien ban hang,Dang hoat dong,2026-08-25 21:33:23+00,3ca81d95-0e02-43f0-9874-c9e461c684f2,1c515879-c33a-4175-af65-f74c5034ca13
fca0577c-f4c6-4f42-b167-a7bee0c64e4e,Hồ Tuấn Tùng,tung.ho7827@gmail.com,0968678064,2001-11-02,Nam,062604419164,Nhan vien ban hang,Dang hoat dong,2026-08-25 21:33:23+00,96841a89-aca2-4d5e-a2b3-08f713ccce13,c4b32ba0-c514-4b61-8df1-f2afdf45b8db
fea62739-6ed0-40e4-96ae-868d4572e107,Vũ Văn Bình,binh.vu8508@gmail.com,0928170361,1985-06-15,Nu,022720690833,Nguoi dai dien,Dang hoat dong,2026-08-24 20:04:58+00,,e9359a63-2fa3-43b8-86e2-d3999ca004d2
fef2bb3f-3fed-48b9-af80-bf541afec331,Phạm Thái Phúc,phuc.pham2429@gmail.com,0944169695,1991-06-07,Nam,001266649008,Nhan vien ban hang,Dang hoat dong,2026-08-25 21:33:23+00,ea09404d-2543-476d-a69e-8ae77e16d5b1,b45bd7b0-c853-42b4-8df6-678e74dcdabf